Date,Time,FileName,Type,Link,Source,Tag
Sep 11 2019,00:07,0911_1,Direct,https://www.bbc.com/zhongwen/trad/chinese-news-49327590,News,Protester
Sep 11 2019,00:10,0911_2,Direct,https://news.mingpao.com/pns/%E8%A7%80%E9%BB%9E/article/20190830/s00012/1567102722906/%E6%9B%BE%E5%BF%97%E8%B1%AA-%E7%82%BA%E4%BB%80%E9%BA%BC%E6%9E%97%E9%84%AD%E4%B8%80%E5%AE%9A%E8%A6%81%E6%AE%BA%E6%AD%BB%E9%A6%99%E6%B8%AF,News,Carrie Lam
Sep 11 2019,00:11,0911_3,Direct,https://www.worldjournal.com/6484530/article-%E3%80%8C%E6%B2%92%E6%9C%89%E6%9C%AA%E4%BE%86%EF%BC%8C%E4%BD%95%E5%BF%85%E4%B8%8A%E8%AA%B2%E3%80%8D%E6%B8%AF%E4%B8%AD%E5%AD%B8%E7%94%9F%E7%BD%B7%E8%AA%B2-%E9%98%B2%E6%9A%B4%E8%AD%A6%E6%A0%A1%E9%96%80/,News,Student
Sep 11 2019,00:17,0911_4,Direct,https://www.youtube.com/watch?v=yVWvKYL5g-s,Youtube,Opinion
Sep 11 2019,00:17,0911_5,Direct,https://www.twreporter.org/a/hong-kong-china-extradition-law-902-student-strike-young-generation,News,Student
Sep 11 2019,00:21,0911_6,Direct,https://www.hk01.com/%E7%A4%BE%E6%9C%83%E6%96%B0%E8%81%9E/339740/%E9%80%83%E7%8A%AF%E6%A2%9D%E4%BE%8B-%E8%80%83%E8%A9%A6%E6%9C%9F%E9%96%93%E7%BD%B7%E8%AA%B2-%E4%B8%AD%E5%AD%B8%E7%94%9F%E9%9B%86%E6%9C%83%E5%8F%8D%E4%BF%AE%E4%BE%8B-%E6%8A%97%E7%88%AD%E5%BA%95%E7%B7%9A%E4%B8%8D%E6%96%B7%E9%99%8D,News,Student
Sep 11 2019,00:22,0911_7,Direct,https://www.inmediahk.net/node/1066690,News,Student
Sep 11 2019,00:25,0911_8,Direct,https://www.inmediahk.net/node/1066646,News,Opinion
Sep 11 2019,00:37,0911_9,Direct,https://thestandnews.com/politics/%E8%B5%A4%E5%AD%90%E4%B9%8B%E5%BF%83-%E6%8A%B5%E6%8A%97%E6%9A%B4%E6%94%BF/,News,
Sep 11 2019,00:52,0911_10,Direct,https://www.scmp.com/news/hong-kong/politics/article/3022382/hong-kong-protesters-increasingly-sympathise-radical-action,News,
Sep 11 2019,00:52,0911_11,Direct,https://www.scmp.com/news/hong-kong/politics/article/3022345/young-educated-and-middle-class-first-field-study-hong-kong,News,
Sep 11 2019,01:04,0911_12,Direct,https://www.thenation.com/article/hong-kong-protests-china-police-brutality-democracy/,News,
Sep 11 2019,12:56,0911_13,Social Media,,Instagram,Five Demands
Sep 11 2019,12:56,0911_14,Social Media,,,Police
Sep 11 2019,12:56,0911_15,Social Media,,,Anthem
Sep 11 2019,13:18,0911_16,Social Media,,,Anthem
Sep 11 2019,14:48,0911_17,Direct,,,Police
Sep 11 2019,14:49,0911_18,Direct,,,Police
Sep 11 2019,15:38,0911_19,Direct,,,Police
Sep 11 2019,15:54,0911_20,Direct,,,Gov
Sep 11 2019,19:02,0911_21,Social Media,,,
Sep 11 2019,21:56,0911_22,Direct,https://www.scmp.com/week-asia/politics/article/3018433/extradition-protests-what-hong-kongs-history-riots-can-teach,News,History
Sep 11 2019,21:58,0911_23,Direct,https://multimedia.scmp.com/infographics/news/hong-kong/article/3016815/hong-kong-protest-city/index.html,News,History
Sep 11 2019,22:07,0911_24,Direct,https://www.scmp.com/news/hong-kong/politics/article/3021336/hong-kong-braces-largest-citywide-strike-decades-14000,News,
Sep 11 2019,22:04,0911_25,Direct,https://medium.com/@chingszechuen/%E4%B8%8D%E5%89%B2%E8%93%86-%E4%B8%8D%E7%AF%A4%E7%81%B0-%E6%88%91%E5%80%91%E6%98%AF%E4%B8%80%E4%BC%99-8916b13aa9b5,Blog,
Sep 11 2019,22:44,0911_26,Social Media,,,
Sep 11 2019,22:51,0911_27,Direct,https://www.washingtonpost.com/world/asia_pacific/without-heroes-or-martyrs-hong-kongs-protest-movement-faces-its-defining-moment/2019/08/16/d460ce74-bfe1-11e9-a8b0-7ed8a0d5dc5d_story.html?noredirect=on,News,
Sep 11 2019,22:53,0911_28,Direct,https://thediplomat.com/2016/04/why-did-hong-kongs-umbrella-movement-fail/,News,
Sep 11 2019,22:53,0911_29,Direct,https://www.scmp.com/comment/letters/article/3005731/occupy-movement-failed-least-disaffected-hongkongers-stood,News,
Sep 11 2019,22:55,0911_30,Direct,https://www.hongkongfp.com/2017/10/01/think-umbrella-movement-failed-need-learn-little-history/,News,
Sep 11 2019,22:55,0911_31,Direct,https://www.bbc.com/news/blogs-china-blog-38251592,News,
Sep 11 2019,22:56,0911_32,Direct,https://time.com/5661211/hong-kong-protests-79-days/,News,
Sep 11 2019,23:02,0911_33,Direct,https://www.washingtonpost.com/politics/2019/08/19/what-is-chinas-propaganda-machine-saying-about-hong-kong-protests/?noredirect=on,News,
Sep 11 2019,23:04,0911_34,Direct,https://www.newsweek.com/how-hong-kong-protesters-tenacious-tactics-are-confounding-police-china-1457627,News,
Sep 11 2019,23:34,0911_35,Direct,https://www.bbc.com/zhongwen/trad/chinese-news-49120607,News,
Sep 12 2019,00:21,0912_1,Direct,https://www.hk01.com/18%E5%8D%80%E6%96%B0%E8%81%9E/374281/%E9%A1%98%E6%A6%AE%E5%85%89%E6%AD%B8%E9%A6%99%E6%B8%AF-%E5%A4%A7%E5%9F%94-%E6%B2%99%E7%94%B0-%E6%B2%B9%E5%A1%98%E5%A4%9A%E5%8D%80%E5%B1%85%E6%B0%91%E6%99%9A%E4%B8%8A%E6%8E%A5%E5%8A%9B%E5%A4%A7%E5%90%88%E5%94%B1,News,
Sep 12 2019,00:25,0912_2,Direct,https://qz.com/1699119/chants-and-slogans-of-hong-kongs-protests-explained/,News,
Sep 12 2019,00:40,0912_3,Social Media,,Facebook,
Sep 12 2019,00:42,0912_4,Social Media,,Facebook,
Sep 12 2019,01:03,0912_5,Direct,https://time.com/5672018/glory-to-hong-kong-protests-national-anthem/?utm_source=twitter&utm_medium=social&utm_campaign=socialflow&xid=time_socialflow_twitter&fbclid=IwAR1n6567tWvUO5AxJj5jt5M2BqkJQ_twwJk-tR0Ig2HxYJ8qPqYbRrlyRRk,News,
Sep 12 2019,01:07,0912_6,Direct,https://lihkg.com/thread/1507129/page/9,LIHKG,
Sep 12 2019,01:07,0912_7,Direct,https://soundcloud.com/dgx-dgx/anthem-ver29#c=4&t=0:20,Soundcloud,
Sep 12 2019,01:09,0912_8,Direct,https://www.bloomberg.com/graphics/2019-hong-kong-airport-protests/,News,
Sep 12 2019,01:15,0912_9,Direct,https://www.youtube.com/watch?v=F4c2NjCYz4E,Youtube,
Sep 12 2019,01:38,0912_10,Direct,https://www.scmp.com/news/hong-kong/politics/article/3026189/mediators-hong-kong-anti-government-protests-face-arrest-if,News,
Sep 12 2019,02:04,0912_11,Direct,LIHKG,,
Sep 12 2019,02:21,0912_12,Direct,https://thestandnews.com/politics/%E8%87%AA%E7%94%B1%E6%84%88%E5%A4%A7-%E8%B2%AC%E4%BB%BB%E6%84%88%E5%A4%A7-%E5%B0%88%E8%A8%AA%E9%BB%83%E4%BB%BB%E5%8C%A1/,News,
Sep 12 2019,10:33,0912_13,Social Media,https://www.facebook.com/scmp/posts/10157452674304820?comment_tracking=%7B%22tn%22%3A%22O%22%7D,Social Media,
Sep 12 2019,10:39,0912_14,Direct,https://www.bloomberg.com/news/articles/2019-09-02/hong-kong-protester-forum-says-some-ddos-attacks-came-from-china,News,
Sep 12 2019,10:43,0912_15,Direct,https://www.scmp.com/news/hong-kong/law-and-crime/article/3026143/police-groups-hong-kong-write-yuen-long-school-over,News,
Sep 12 2019,10:58,0912_16,Social Media,LIHKG,,
Sep 12 2019,11:54,0912_17,Direct,https://www.cnn.com/2019/08/13/asia/hong-kong-airport-protest-explained-hnk-intl/index.html,News,
Sep 12 2019,11:56,0912_18,Direct,https://hardbin.com/ipfs/QmZ4WRtB7vnY9RzJdLeHeDm1CRaov2Jabq1CCLdPb7MAQN/,Opinion,
Sep 12 2019,12:12,0912_19,Direct,https://multimedia.scmp.com/infographics/news/hong-kong/article/3016815/hong-kong-protest-city/index.html,News,
Sep 12 2019,15:20,0912_20,Direct,https://thestandnews.com/politics/%E5%82%B3-whatsapp-%E7%A7%BB%E9%99%A4%E8%AD%A6%E5%A0%B1%E6%96%99%E7%86%B1%E7%B7%9A-%E6%93%AC%E5%9B%A0%E5%8F%97%E5%A4%A7%E9%87%8F%E7%B6%B2%E6%B0%91%E6%8A%95%E8%A8%B4/,News,
Sep 12 2019,22:34,0912_21,Direct,,Opinion,
Sep 12 2019,22:44,0912_22,Direct,,News,
Sep 12 2019,22:55,0912_23,Direct,,,
Sep 12 2019,23:09,0912_24,Social Media,,Facebook,
Sep 12 2019,23:09,0912_25,Social Media,,Facebook,
Sep 13 2019,00:38,0913_1,Direct,https://gogetfunding.com/%E9%A6%99%E6%B8%AF%E8%A2%AB%E9%80%81%E4%B8%AD%E8%AA%93%E8%A6%81%E6%88%90g20%E8%A9%B1%E9%A1%8C-%E7%9C%BE%E7%B1%8C%E3%80%8A%E9%87%91%E8%9E%8D%E6%99%82%E5%A0%B1%E3%80%8B%E5%8F%8A%E6%97%A5%E5%BE%B7/?show_desktop=1,Crowdfund,
Sep 13 2019,00:39,0913_2,Direct,https://gogetfunding.com/g20celebratemotherbirthday/,Crowdfund,
Sep 13 2019,01:04,0913_3,Direct,https://thestandnews.com/politics/%E8%AD%A6%E5%BC%B7%E7%B4%A2%E9%86%AB%E7%99%82%E5%A0%B1%E5%91%8A-%E7%88%86%E7%9C%BC%E5%B0%91%E5%A5%B3-%E7%8D%B2%E6%89%B9%E5%8F%B8%E6%B3%95%E8%A6%86%E6%A0%B8%E8%A8%B1%E5%8F%AF/,News,
Sep 13 2019,01:05,0913_4,Direct,https://thestandnews.com/politics/%E4%BF%A1%E5%A0%B1-%E5%BC%95%E6%B6%88%E6%81%AF-%E8%AD%A6%E9%9A%8A%E6%8F%90%E9%AB%98-ot-%E8%A3%9C%E6%B0%B4%E4%B8%8A%E9%99%90/,News,
Sep 13 2019,01:26,0913_5,Social Media,,Instagram,
Sep 13 2019,01:27,0913_6,Social Media,,Instagram,
Sep 13 2019,16:56,0913_7,Social Media,Headliner,News,
Sep 13 2019,17:02,0913_8,Social Media,Stand Live,News,
Sep 14 2019,00:57,0914_1,Social Media,,,
Sep 14 2019,01:01,0914_2,Social Media,,Facebook,
Sep 14 2019,01:11,0914_3,Social Media,,Instagram,
Sep 14 2019,01:12,0914_4,Social Media,,Facebook,
Sep 14 2019,01:24,0914_5,Direct,,News,
Sep 14 2019,01:25,0914_6,Direct,,News,
Sep 14 2019,11:06,0914_7,Social Media,,Facebook,
Sep 14 2019,11:14,0914_8,Social Media,,LIHKG,
Sep 14 2019,11:22,0914_9,Social Media,,Facebook,
Sep 14 2019,11:22,0914_10,Social Media,,Facebook ,
Sep 14 2019,11:25,0914_11,Direct,,News,
Sep 14 2019,12:15,0914_12,Social Media,,Facebook,
Sep 14 2019,13:16,0914_13,Social Media,https://hk.news.appledaily.com/local/realtime/article/20190914/60045403,News,
Sep 14 2019,13:21,0914_14,Direct,https://hk.news.yahoo.com/%E8%B7%AF%E9%80%8F%E7%A4%BE%E5%86%8D%E5%85%AC%E9%96%8B%E9%8C%84%E9%9F%B3-%E6%9E%97%E9%84%AD%E6%9C%88%E5%A8%A5%E7%A8%B1%E9%99%A43%E8%90%AC%E8%AD%A6%E5%8A%9B%E5%A4%96%E7%94%9A%E9%BA%BC%E9%83%BD%E6%B2%92%E6%9C%89-023107457.html?fbclid=IwAR3zD1_0qv6aQhRQIq8f-tO86En41H01Mg3jc2ss25dL9BFC8Ur5xZCyoZ0,News,
Sep 14 2019,13:21,0914_15,Direct,https://www.hk01.com/%E6%94%BF%E6%83%85/374901/%E9%80%83%E7%8A%AF%E6%A2%9D%E4%BE%8B-%E6%9E%97%E9%84%AD%E5%86%8D%E6%9C%89%E9%8C%84%E9%9F%B3%E6%B5%81%E5%87%BA-%E6%94%BF%E5%BA%9C%E9%99%A4%E4%BA%86%E4%B8%89%E8%90%AC%E8%AD%A6%E5%8A%9B%E4%BB%80%E9%BA%BC%E4%B9%9F%E6%B2%92%E6%9C%89,News,
Sep 14 2019,14:01,0914_16,Direct,https://thestandnews.com/politics/%E6%B0%91%E9%96%93%E8%A8%98%E8%80%85%E6%9C%83-8-31-%E6%99%9A%E7%BE%A9%E5%8B%99%E6%80%A5%E6%95%91%E5%93%A1-%E6%9C%89%E5%82%B7%E8%80%85%E7%8F%BE%E4%BC%91%E5%85%8B%E5%BE%B5%E7%8B%80/,News,
Sep 14 2019,15:09,0914_17,Social Media,,Eventbrite,
Sep 14 2019,15:15,0914_18,Social Media,,,
Sep 14 2019,17:08,0914_19,Direct,https://www.scmp.com/comment/letters/article/3005731/occupy-movement-failed-least-disaffected-hongkongers-stood,News,
Sep 15 2019,01:06,0915_1,Social Media,,,
Sep 15 2019,01:08,0915_2,Direct,,,
Sep 15 2019,01:09,0915_3,Social Media,,,
Sep 15 2019,01:13,0915_4,Social Media,,,
Sep 15 2019,01:14,0915_5,Social Media,,,
Sep 15 2019,01:15,0915_6,Social Media,,,
Sep 15 2019,01:15,0915_7,Social Media,,,
Sep 15 2019,02:08,0915_8,Social Media,,,
Sep 15 2019,02:14,0915_9,Social Media,,,
Sep 15 2019,02:15,0915_10,Social Media,,,
Sep 15 2019,10:42,0915_11,Social Media,,,
Sep 15 2019,10:45,0915_12,Social Media,,,
Sep 15 2019,10:46,0915_13,Social Media,,,
Sep 15 2019,10:47,0915_14,Direct,,,
Sep 15 2019,10:48,0915_15,Direct,,,
Sep 15 2019,10:50,0915_16,Direct,,,
Sep 15 2019,12:04,0915_17,Social Media,,,
Sep 15 2019,14:16,0915_18,Direct,https://www.facebook.com/NY4HK/events/,,
Sep 15 2019,14:21,0915_19,Social Media,https://www.reuters.com/article/us-hongkong-protests-wong/hong-kong-activist-joshua-wong-seeks-us-support-for-protests-idUSKBN1VZ0LQ,News,
Sep 15 2019,14:22,0915_20,Social Media,https://www.washingtonpost.com/world/2019/09/12/hong-kong-activist-joshua-wong-departs-germany-europe-struggles-confront-china/?noredirect=on,News,
Sep 15 2019,14:22,0915_21,Social Media,,,
Sep 15 2019,14:42,0915_22,Social Media,https://www.ft.com/content/ae0d433c-d496-11e9-8367-807ebd53ab77,,
Sep 15 2019,17:41,0915_23,Social Media,https://www.facebook.com/rthk.HKConnection/videos/468879050632252/,,
Sep 15 2019,18:12,0915_24,Social Media,https://www.facebook.com/goodbyehkhellouk/videos/556906291781863/,,
Sep 15 2019,19:36,0915_25,Social Media,https://www.facebook.com/scmp/videos/716322098793413/,,
Sep 15 2019,19:42,0915_26,Social Media,https://www.facebook.com/scmp/videos/363043361283297/,,
Sep 15 2019,19:49,0915_27,Social Media,https://www.theatlantic.com/politics/archive/2019/09/americas-role-hong-kong/597976/?fbclid=IwAR3Pb7pRgF5QcrJLbMsPZDSryi_cEapi6uya6wkywKHKbvUcJ29-jj5eP_k,,
Sep 15 2019,19:54,0915_28,Social Media,https://www.facebook.com/scmp/videos/351592048893938/,,
Sep 15 2019,19:56,0915_29,Social Media,https://www.facebook.com/scmp/videos/670187810125278/,,
Sep 16 2019,12:21,0916_1,Social Media,https://www.scmp.com/week-asia/politics/article/3025146/protesttoo-women-forefront-hong-kongs-anti-government-movement,,
Sep 16 2019,05:47,0916_2,Forwarded,,Friend,
Sep 16 2019,07:44,0916_3,Social Media,,,
Sep 16 2019,07:45,0916_4,Direct,https://thestandnews.com/politics/%E9%80%BE%E7%99%BE%E6%B5%B8%E5%A4%A7%E7%94%9F%E8%81%B2%E6%8F%B4%E8%A2%AB%E6%8D%95%E5%AD%B8%E7%94%9F%E8%A8%98%E8%80%85-%E7%88%86%E9%96%80%E5%88%B0%E6%A0%A1%E9%95%B7%E5%AE%A4%E6%B1%82%E8%A6%8B%E9%8C%A2%E5%A4%A7%E5%BA%B7/,,
Sep 17 2019,01:33,0917_1,Forwarded,,,
Sep 17 2019,01:33,0917_2,Direct,https://thestandnews.com/politics/%E5%9B%9E%E6%87%89%E8%AD%A6%E5%9F%B7%E6%B3%95%E8%A2%AB%E6%8C%87%E9%9B%99%E9%87%8D%E6%A8%99%E6%BA%96-%E6%9E%97%E9%84%AD-%E8%AD%A6%E6%96%B9%E4%B8%8D%E5%81%8F%E4%B8%8D%E5%80%9A-%E6%9C%89%E5%B0%8D%E8%A9%B1%E5%B9%B3%E5%8F%B0%E4%B8%8D%E4%BB%A3%E8%A1%A8%E4%B8%8D%E9%9C%80%E5%9A%B4%E6%AD%A3%E5%9F%B7%E6%B3%95/, ,
Sep 17 2019,01:35,0917_3,Direct,https://thestandnews.com/politics/%E9%99%B3%E6%B7%91%E8%8E%8A%E8%81%AF%E5%90%88%E5%9C%8B%E7%99%BC%E8%A8%80-%E6%96%A5%E8%AD%A6%E6%9A%B4%E5%8D%87%E7%B4%9A%E8%BF%91%E4%BA%BA%E9%81%93%E5%8D%B1%E6%A9%9F-%E8%AD%A6-%E5%B7%B2%E9%AB%98%E5%BA%A6%E5%85%8B%E5%88%B6-%E5%B0%8D%E6%8C%87%E6%8E%A7%E9%9D%9E%E5%B8%B8%E9%81%BA%E6%86%BE/,,
Sep 17 2019,01:36,0917_4,Direct,https://thestandnews.com/politics/%E9%A6%99%E6%B8%AF%E5%9C%8B%E6%97%8F%E4%BE%86%E4%BA%86-%E6%80%95%E9%83%BD%E6%B2%92%E7%94%A8/,,
Sep 17 2019,01:39,0917_5,Direct,https://www.thestandnews.com/society/%E5%85%AC%E9%96%8B%E6%B8%AF%E9%90%B5%E9%9A%B1%E8%97%8F%E5%A4%AA%E5%AD%90%E7%AB%99-cctv-%E7%89%87%E6%AE%B5%E7%9A%84%E7%B5%95%E6%8B%9B-%E8%B3%87%E8%A8%8A%E8%87%AA%E7%94%B1%E6%B3%95/,,
Sep 17 2019,01:42,0917_6,Direct,LIHKG,,
Sep 17 2019,01:43,0917_7,Direct,LIHKG,,
Sep 17 2019,08:05,0917_8,Forwarded,,Jes Fan,
Sep 17 2019,08:17,0917_9,Social Media,,,
Sep 17 2019,10:54,0917_10,Direct,https://www.thestandnews.com/politics/%E4%B8%89%E6%B6%88%E9%98%B2%E8%99%95%E8%81%B7%E5%93%A1%E7%88%86-8-31-%E9%80%9A%E8%A9%B1%E7%B4%80%E9%8C%84-10-%E8%AE%8A-7-%E5%82%B7%E8%80%85%E6%95%B8%E5%A4%9A%E5%9C%A8%E4%BA%8B%E5%BE%8C%E6%9B%B4%E6%94%B9/,,
Sep 17 2019,12:34,0917_11,Social Media,,,
Sep 17 2019,13:09,0917_12,Direct,https://thestandnews.com/politics/%E9%BB%83%E4%B9%8B%E9%8B%92%E7%BE%8E%E5%9C%8B%E5%9C%8B%E6%9C%83%E7%99%BC%E8%A8%80-%E7%B1%B2%E9%80%9A%E9%81%8E%E9%A6%99%E6%B8%AF%E4%BA%BA%E6%AC%8A%E6%B0%91%E4%B8%BB%E6%B3%95%E6%A1%88-%E7%AB%99%E5%9C%A8%E4%BA%BA%E6%AC%8A%E6%B0%91%E4%B8%BB%E4%B8%80%E6%96%B9/,,
Sep 17 2019,13:10,0917_13,Direct,https://thestandnews.com/politics/%E4%B8%89%E6%B6%88%E9%98%B2%E8%99%95%E8%81%B7%E5%93%A1%E7%88%86-8-31-%E9%80%9A%E8%A9%B1%E7%B4%80%E9%8C%84-10-%E8%AE%8A-7-%E5%82%B7%E8%80%85%E6%95%B8%E5%A4%9A%E5%9C%A8%E4%BA%8B%E5%BE%8C%E6%9B%B4%E6%94%B9/,,
Sep 17 2019,19:45,0917_14,Forwarded,,,
Sep 17 2019,20:25,0917_15,Direct,https://thestandnews.com/politics/%E6%8D%89%E9%AC%BC-%E5%8C%BF%E5%90%8D%E5%93%A1%E5%B7%A5%E8%A8%98%E8%80%85%E6%9C%83%E7%88%86-8-31-%E6%96%99%E6%9C%9F%E9%96%93-%E6%B6%88%E9%98%B2%E8%AA%BF%E6%B4%BE%E9%80%9A%E8%A8%8A%E7%B5%84%E8%87%B4%E9%9B%BB%E4%BC%91%E7%8F%AD%E4%BA%BA%E5%93%A1-%E8%A6%81%E6%B1%82%E7%A2%BA%E8%AA%8D%E4%BD%8D%E7%BD%AE/,,
Sep 17 2019,20:25,0917_16,Direct,https://thestandnews.com/politics/警員親屬連線-警員心聲-十問十答-問卷調查/,,
Sep 17 2019,20:27,0917_17,Direct,https://drive.google.com/file/d/1WDeYDRYFRmXYXIWtCA8UE1TrDY781kWX/view,,
Sep 17 2019,21:20,0917_18,Social Media,,,
Sep 18 2019,00:27,0918_1,Direct,https://www.youtube.com/watch?v=hK6ycPMhtY8,,
Sep 18 2019,01:17,0918_2,Direct,https://thestandnews.com/politics/%E5%9B%9E%E6%87%89%E6%A5%8A%E5%B2%B3%E6%A9%8B%E5%8F%8A%E4%B8%89%E5%93%A1%E5%B7%A5%E6%8C%87%E6%8E%A7-%E6%B6%88%E9%98%B2%E8%99%95-%E8%A3%9C%E5%85%85%E6%88%96%E4%BF%AE%E6%AD%A3%E7%B4%80%E9%8C%84%E5%B8%B8%E8%A6%8B-%E6%9C%89%E4%BA%BA%E4%B8%80%E7%9F%A5%E5%8D%8A%E8%A7%A3-%E6%A5%B5%E5%BA%A6%E9%81%BA%E6%86%BE/,,
Sep 18 2019,01:18,0918_3,Direct,https://thestandnews.com/politics/%E7%BE%8E%E5%9C%8B%E5%9C%8B%E6%9C%83%E8%81%BD%E8%AD%89%E6%9C%83-%E5%AD%B8%E7%95%8C%E4%BB%A3%E8%A1%A8%E5%BC%B5%E5%B4%91%E9%99%BD-%E9%A6%99%E6%B8%AF%E4%BA%BA%E9%A0%90%E5%82%99%E5%A5%BD%E7%82%BA%E9%A6%99%E6%B8%AF%E8%80%8C%E6%AD%BB/,,
Sep 18 2019,01:19,0918_4,Direct,https://thestandnews.com/society/9-13-%E7%8D%85%E5%AD%90%E5%B1%B1-%E6%9C%89%E5%BF%83%E4%BA%BA%E6%90%AC%E4%BA%8C%E5%8D%81%E5%85%AC%E6%96%A4%E5%99%A8%E6%9D%90%E4%B8%8A%E5%B1%B1%E9%A0%82%E6%8A%95%E5%B0%84%E5%AD%97%E5%B9%95%E6%88%90%E5%89%B5%E8%88%89/,,
Sep 18 2019,01:21,0918_5,Direct,https://thestandnews.com/politics/%E4%B8%AD%E5%AD%B8%E7%94%9F%E4%B8%8D%E5%A4%A0%E9%8C%A2%E8%B2%B7%E9%A3%9B-%E5%A0%85%E6%8C%81%E5%9C%A8%E5%A0%B4%E5%A4%96%E6%89%93%E6%B0%A3/,,
Sep 18 2019,01:22,0918_6,Direct,https://hk.news.appledaily.com/local/realtime/article/20190918/60056048,,
Sep 18 2019,01:22,0918_7,Direct,http://std.stheadline.com/instant/articles/detail/1053775/%E5%8D%B3%E6%99%82-%E9%A6%99%E6%B8%AF-%E9%80%83%E7%8A%AF%E6%A2%9D%E4%BE%8B-%E5%A4%A7%E5%B0%88%E5%AD%B8%E7%95%8C%E5%91%BC%E7%B1%B2%E6%94%BF%E5%BA%9C%E5%9B%9E%E6%87%89%E8%A8%B4%E6%B1%82-%E6%B8%AF%E5%A4%A7%E4%BB%A3%E8%A1%A8-%E4%B8%8D%E6%9C%83%E8%88%87%E6%9C%AC%E5%9C%B0%E6%8A%97%E7%88%AD%E5%89%B2%E5%B8%AD,,
Sep 18 2019,01:24,0918_8,Direct,https://thestandnews.com/politics/外國記者會發起今晚默站-抗議當局對採訪不斷設限-記者面對暴力襲擊日增/,,
Sep 18 2019,01:25,0918_9,Direct,https://thestandnews.com/politics/%E5%A5%B9%E5%BE%9E%E6%B2%92%E5%96%8A%E9%81%8E-%E5%85%89%E5%BE%A9%E9%A6%99%E6%B8%AF-%E6%99%82%E4%BB%A3%E9%9D%A9%E5%91%BD-%E6%8A%97%E7%88%AD%E8%80%85%E7%9A%84%E5%B8%8C%E6%9C%9B-%E6%81%90%E6%87%BC%E8%88%87%E4%BA%BA%E6%80%A7%E6%8E%99%E6%89%8E/,,
Sep 18 2019,01:40,0918_10,Social Media,,,
Sep 18 2019,02:28,0918_11,Social Media,,,
Sep 18 2019,02:52,0918_12,Social Media,,,
Sep 18 2019,09:18,0918_13,Social Media,,,
Sep 18 2019,09:19,0918_14,Direct,,,
Sep 18 2019,10:50,0918_15,Direct,https://thestandnews.com/politics/%E5%8D%80%E8%AD%B0%E5%93%A1%E5%B0%8D%E8%A9%B1%E6%9C%83-%E6%9E%97%E9%84%AD%E6%8C%87%E9%81%8F%E6%AD%A2%E6%9A%B4%E5%8A%9B%E6%9C%80%E8%BF%AB%E5%88%87-%E5%85%A9%E6%B0%91%E4%B8%BB%E6%B4%BE%E5%8D%80%E8%AD%B0%E5%93%A1%E7%9B%B4%E6%92%AD%E8%A2%AB%E9%98%BB/,,
Sep 18 2019,11:59,0918_16,Direct,https://www.youtube.com/watch?v=lTTFfPUNxfE,,
Sep 18 2019,13:00,0918_17,Social Media,,,
Sep 18 2019,13:52,0918_18,Social Media,,,
Sep 18 2019,12:46,0918_19,Direct,https://www.youtube.com/watch?v=2hRt2nEkgOQ,,
Sep 18 2019,17:46,0918_20,Social Media,,,
Sep 18 2019,17:47,0918_21,Direct,,,
Sep 18 2019,22:11,0918_22,Direct,,,
Sep 18 2019,22:12,0918_23,Direct,,,
Sep 18 2019,22:14,0918_24,Direct,,,
Sep 18 2019,22:45,0918_25,Social Media,,,
Sep 18 2019,23:34,0918_26,Social Media,,,
Sep 18 2019,23:36,0918_27,Social Media,,,
Sep 18 2019,23:37,0918_28,Social Media,,,
Sep 18 2019,23:51,0918_29,Direct,,,
Sep 18 2019,23:53,0918_30,Direct,,,
Sep 19 2019,00:11,0919_1,Social Media,,,
Sep 19 2019,00:14,0919_2,Social Media,,,
Sep 19 2019,00:58,0919_3,Social Media,,,
Sep 19 2019,00:59,0919_4,Direct,,,
Sep 19 2019,01:13,0919_5,Social Media,,,
Sep 19 2019,02:17,0919_6,Social Media,,,
Sep 19 2019,02:31,0919_7,Direct,,,
Sep 19 2019,02:32,0919_8,Direct,,,
Sep 19 2019,12:24,0919_9,Social Media,,,
Sep 19 2019,22:27,0919_10,Social Media,,,
Sep 19 2019,23:50,0919_11,Direct,https://unpo.org/article/21623,,
Sep 20 2019,00:01,0920_1,Social Media,,,
Sep 20 2019,00:03,0920_2,Direct,,,
Sep 20 2019,00:56,0920_3,Social Media,,,
Sep 20 2019,00:57,0920_4,Social Media,,,
Sep 20 2019,00:57,0920_5,Social Media,,,
Sep 20 2019,01:45,0920_6,Social Media,,,
Sep 20 2019,01:49,0920_7,Social Media,,,
Sep 20 2019,08:40,0920_8,Social Media,,,
Sep 20 2019,08:41,0920_9,Direct,,,
Sep 21 2019,00:25,0921_1,Social Media,,,
Sep 21 2019,05:26,0921_2,Social Media,,,
Sep 21 2019,05:45,0921_3,Social Media,,,
Sep 21 2019,06:28,0921_4,Social Media,,,
Sep 21 2019,06:33,0921_5,Social Media,,,
Sep 21 2019,10:05,0921_6,Social Media,,,
Sep 21 2019,10:05,0921_7,Social Media,,,
Sep 22 2019,04:45,0922_1,Direct,,,
Sep 22 2019,05:41,0922_2,Social Media,,,
Sep 23 2019,05:16,0923_1,Social Media,,,
Sep 23 2019,19:45,0923_2,Social Media,,,
Sep 24 2019,08:00,0924_1,Social Media,,,
Sep 24 2019,08:45,0924_2,Direct,,,
Sep 24 2019,08:46,0924_3,Direct,,,
Sep 24 2019,12:43,0924_4,Social Media,,,
Sep 24 2019,12:44,0924_5,Social Media,,,
Sep 24 2019,12:44,0924_6,Social Media,,,
Sep 24 2019,13:37,0924_7,Social Media,,,
Sep 24 2019,15:57,0924_8,Social Media,,,
Sep 25 2019,08:44,0925_1,Social Media,,,
Sep 25 2019,08:44,0925_2,Social Media,,,
Sep 25 2019,23:06,0925_3,Social Media,,,
Sep 25 2019,23:08,0925_4,Social Media,,,
Sep 25 2019,23:35,0925_5,Social Media,,,
Sep 26 2019,14:11,0926_1,Social Media,,,
Sep 26 2019,14:16,0926_2,Social Media,,,
Sep 26 2019,14:16,0926_3,Social Media,,,
Sep 26 2019,14:17,0926_4,Social Media,,,
Sep 26 2019,14:17,0926_5,Social Media,,,
Sep 26 2019,15:12,0926_6,Social Media,,,
Sep 26 2019,15:13,0926_7,Social Media,,,
Sep 26 2019,15:16,0926_8,Social Media,,,
Sep 26 2019,15:18,0926_9,Direct,,,
Sep 26 2019,15:18,0926_10,Direct,,,
Sep 26 2019,22:01,0926_11,Direct,,,
Sep 26 2019,22:20,0926_12,Direct,,,
Sep 26 2019,22:48,0926_13,Direct,,,
Sep 27 2019,10:20,0927_1,Direct,,,
Sep 27 2019,10:21,0927_2,Direct,,,
Sep 27 2019,10:29,0927_3,Direct,,,
Sep 27 2019,10:29,0927_4,Social Media,,,
Sep 27 2019,10:32,0927_5,Social Media,,,
Sep 27 2019,10:58,0927_6,Social Media,,,
Sep 27 2019,11:59,0927_7,Social Media,,,
Sep 27 2019,15:17,0927_8,Social Media,,,
Sep 27 2019,17:00,0927_9,Social Media,,,
Sep 28 2019,12:39,0928_1,Social Media,,,
Sep 28 2019,13:19,0928_2,Social Media,,,
Sep 28 2019,13:28,0928_3,Social Media,,,
Sep 28 2019,22:40,0928_4,Social Media,,,
Sep 28 2019,23:19,0928_5,Social Media,,,
Sep 28 2019,23:20,0928_6,Social Media,,,
Sep 29 2019,00:30,0929_1,Direct,,,
Sep 29 2019,01:26,0929_2,Social Media,,,
Sep 29 2019,01:27,0929_3,Social Media,,,
Sep 29 2019,01:28,0929_4,Social Media,,,
Sep 29 2019,06:32,0929_5,Social Media,,,
Sep 29 2019,06:36,0929_6,Social Media,,,
Sep 29 2019,06:36,0929_7,Direct,,,
Sep 29 2019,06:36,0929_8,Direct,,,
Sep 29 2019,06:37,0929_9,Social Media,,,
Sep 29 2019,06:44,0929_10,Social Media,,,
Sep 29 2019,06:45,0929_11,Social Media,,,
Sep 29 2019,06:51,0929_12,Social Media,,,
Sep 29 2019,06:52,0929_13,Direct,,,
Sep 29 2019,07:00,0929_14,Direct,,,
Sep 29 2019,07:05,0929_15,Social Media,,,
Sep 29 2019,07:06,0929_16,Social Media,,,
Sep 29 2019,07:08,0929_17,Direct,,,
Sep 29 2019,07:08,0929_18,Direct,,,
Sep 29 2019,07:12,0929_19,Direct,,,
Sep 29 2019,08:53,0929_20,Social Media,,,
Sep 29 2019,12:56,0929_21,Social Media,,,
Sep 29 2019,15:01,0929_22,Social Media,,,
Sep 29 2019,15:02,0929_23,Social Media,,,
Sep 29 2019,16:41,0929_24,Social Media,,,
Sep 29 2019,16:41,0929_25,Social Media,,,
Sep 29 2019,16:41,0929_26,Social Media,,,
Sep 29 2019,16:42,0929_27,Social Media,,,
Sep 29 2019,16:45,0929_28,Social Media,,,
Sep 29 2019,18:28,0929_29,Direct,,,
Sep 29 2019,20:29,0929_30,Direct,,,
Sep 29 2019,23:21,0929_31,Social Media,,,
Sep 29 2019,23:27,0929_32,Direct,https://www.scmp.com/news/china/society/article/3024223/emergence-and-evolution-chinas-internet-warriors,,
Sep 29 2019,23:30,0929_33,Direct,https://www.privateinternetaccess.com/blog/2019/09/as-protesters-march-on-private-internet-access-vpn-has-been-blocked-in-hong-kong/,,
Sep 29 2019,23:34,0929_34,Direct,https://www.bloomberg.com/news/articles/2019-06-17/china-censors-turn-the-blame-for-hong-kong-protests-to-the-u-s,,
Sep 29 2019,23:40,0929_35,Direct,https://foreignpolicy.com/2019/09/18/are-hong-kongs-protests-dying-down-china-carrie-lam-100-days-australia-cyber-industry-economy/,,
Sep 30 2019,01:00,0930_1,Social Media,,,
Sep 30 2019,01:17,0930_2,Social Media,,,
Sep 30 2019,01:18,0930_3,Social Media,,,
Sep 30 2019,01:20,0930_4,Social Media,,,
Sep 30 2019,01:20,0930_5,Social Media,,,
Sep 30 2019,01:21,0930_6,Social Media,,,
Sep 30 2019,01:50,0930_7,Direct,https://www.scmp.com/comment/opinion/article/3026005/any-luck-hong-kongs-ninja-protesters-will-hang-their-masks-and,,
Sep 30 2019,02:12,0930_8,Social Media,,,
Sep 30 2019,02:16,0930_9,Direct,,,
Sep 30 2019,02:17,0930_10,Direct,,,
Sep 30 2019,02:17,0930_11,Direct,,,
Sep 30 2019,02:20,0930_12,Direct,,,
Sep 30 2019,07:05,0930_13,Social Media,,,
Sep 30 2019,07:07,0930_14,Social Media,,,
Sep 30 2019,07:10,0930_15,Social Media,,,
Sep 30 2019,07:55,0930_16,Social Media,,,
Sep 30 2019,07:55,0930_17,Social Media,,,
Sep 30 2019,08:11,0930_18,Social Media,,,
Sep 30 2019,09:29,0930_19,Direct,https://www.bbc.com/news/world-us-canada-48721969,,
Sep 30 2019,10:10,0930_20,Direct,https://www.theatlantic.com/international/archive/2019/08/hong-kong-china-protest-identity/596320/,,
Sep 30 2019,12:26,0930_21,Direct,https://www.bbc.com/news/world-asia-china-49317695,,
Sep 30 2019,12:31,0930_22,Direct,https://politicalscience.nd.edu/news-and-events/news/a-leaderless-movement-or-leadership-decentralized-but-coordinated/,,
Sep 30 2019,12:33,0930_23,Direct,https://www.ft.com/content/d1f60a3a-cd58-11e9-b018-ca4456540ea6,,
Sep 30 2019,12:34,0930_24,Direct,https://www.latimes.com/world-nation/story/2019-08-16/de-escalation-becomes-difficult-among-hong-kong-protesters-who-refuse-to-be-divided,,
Sep 30 2019,12:35,0930_25,Direct,https://www.washingtonpost.com/politics/2019/09/30/hong-kong-protests-have-been-going-months-what-explains-this-sustained-action/,,
Sep 30 2019,12:38,0930_26,Direct,https://thestandnews.com/politics/%E6%96%B0%E7%A4%BE%E9%81%8B-2-0-%E9%81%8D%E5%9C%B0%E9%96%8B%E8%8A%B1-be-water/,,
Sep 30 2019,12:39,0930_27,Direct,https://thestandnews.com/politics/%E5%8F%8D-%E9%80%81%E4%B8%AD-%E7%9A%84%E5%95%9F%E8%92%99/,,
Sep 30 2019,12:43,0930_28,Direct,https://www.economist.com/china/2019/07/18/hong-kongs-protesters-learn-from-bruce-lee,,
Sep 30 2019,12:44,0930_29,Direct,https://time.com/5615570/hong-kong-youth-protesters-democracy/,,
Sep 30 2019,12:47,0930_30,Direct,https://www.scmp.com/news/hong-kong/politics/article/3015627/be-water-my-friend-protesters-take-bruce-lees-wise-saying,,
Sep 30 2019,14:56,0930_31,Social Media,,,
Sep 30 2019,14:58,0930_32,Social Media,,,
Sep 30 2019,15:05,0930_33,Social Media,,,
Sep 30 2019,15:48,0930_34,Direct,,,
Sep 30 2019,15:48,0930_35,Direct,https://www.facebook.com/childfuturehk/,,
Sep 30 2019,16:55,0930_36,Direct,https://www.theguardian.com/world/2019/aug/30/hong-kong-police-arrest-28-activists-on-eve-of-planned-protests,,
Sep 30 2019,17:05,0930_37,Social Media,,,
Oct 1 2019,01:13,1001_1,Social Media,,,
Oct 1 2019,01:14,1001_2,Social Media,,,
Oct 1 2019,01:15,1001_3,Social Media,,,
Oct 1 2019,01:36,1001_4,Direct,,,
Oct 1 2019,01:51,1001_5,Direct,,,
Oct 1 2019,01:52,1001_6,Direct,,,
Oct 1 2019,01:52,1001_7,Direct,,,
Oct 1 2019,01:54,1001_8,Direct,,,
Oct 1 2019,01:57,1001_9,Direct,,,
Oct 1 2019,02:00,1001_10,Direct,,,
Oct 1 2019,02:00,1001_11,Direct,,,
Oct 1 2019,02:05,1001_12,Direct,,,
Oct 1 2019,02:06,1001_13,Direct,,,
Oct 1 2019,02:07,1001_14,Direct,,,
Oct 1 2019,02:15,1001_15,Forwarded,,,
Oct 1 2019,02:18,1001_16,Social Media,,,
Oct 1 2019,02:24,1001_17,Social Media,,,
Oct 1 2019,02:28,1001_18,Social Media,,,
Oct 1 2019,02:37,1001_19,Social Media,,,
Oct 1 2019,02:37,1001_20,Social Media,,,
Oct 1 2019,02:37,1001_21,Social Media,,,
Oct 1 2019,02:40,1001_22,Social Media,,,
Oct 1 2019,02:53,1001_23,Social Media,,,
Oct 1 2019,02:56,1001_24,Social Media,,,
Oct 1 2019,02:56,1001_25,Social Media,,,
Oct 1 2019,03:03,1001_26,Social Media,,,
Oct 1 2019,03:05,1001_27,Social Media,,,
Oct 1 2019,06:49,1001_28,Forwarded,,,
Oct 1 2019,06:53,1001_29,Direct,,,
Oct 1 2019,07:49,1001_30,Social Media,,,
Oct 1 2019,07:50,1001_31,Direct,,,
Oct 1 2019,07:52,1001_32,Direct,,,
Oct 1 2019,07:53,1001_33,Social Media,,,
Oct 1 2019,07:54,1001_34,Social Media,,,
Oct 1 2019,08:23,1001_35,Social Media,,,
Oct 1 2019,09:24,1001_36,Forwarded,,,
Oct 1 2019,10:57,1001_37,Social Media,,,
Oct 1 2019,11:16,1001_38,Social Media,,,
Oct 1 2019,13:21,1001_39,Social Media,,,
Oct 1 2019,13:28,1001_40,Social Media,,,
Oct 1 2019,14:51,1001_41,Social Media,,,
Oct 1 2019,19:50,1001_42,Social Media,,,
Oct 1 2019,19:51,1001_43,Social Media,,,
Oct 1 2019,20:13,1001_44,Social Media,,,
Oct 1 2019,20:14,1001_45,Social Media,,,
Oct 1 2019,20:14,1001_46,Social Media,,,
Oct 1 2019,20:15,1001_47,Social Media,,,
Oct 1 2019,20:56,1001_48,Social Media,,,
Oct 1 2019,22:04,1001_49,Direct,https://techcrunch.com/2019/08/28/the-hong-kong-internet-service-providers-association-warns-that-restricting-online-access-would-be-ruinous-for-the-region/,,
Oct 1 2019,22:18,1001_50,Social Media,,,
Oct 1 2019,22:31,1001_51,Social Media,,,
Oct 1 2019,22:40,1001_52,Direct,,,
Oct 1 2019,22:41,1001_53,Forwarded,,,
Oct 2 2019,12:56,1002_1,Social Media,,,
Oct 2 2019,01:17,1002_2,Social Media,,,
Oct 2 2019,01:26,1002_3,Social Media,,,
Oct 2 2019,01:26,1002_4,Social Media,,,
Oct 2 2019,01:38,1002_5,Social Media,,,
Oct 2 2019,02:07,1002_6,Social Media,,,
Oct 2 2019,07:26,1002_7,Direct,,,
Oct 2 2019,07:27,1002_8,Direct,,,
Oct 2 2019,07:28,1002_9,Direct,,,
Oct 2 2019,07:29,1002_10,Direct,,,
Oct 2 2019,07:30,1002_11,Direct,,,
Oct 2 2019,07:33,1002_12,Direct,,,
Oct 2 2019,07:36,1002_13,Social Media,,,
Oct 2 2019,07:37,1002_14,Social Media,,,
Oct 2 2019,08:22,1002_15,Social Media,,,
Oct 2 2019,08:26,1002_16,Social Media,,,
Oct 2 2019,08:33,1002_17,Direct,https://www.facebook.com/hkercpc/,,
Oct 2 2019,08:39,1002_18,Social Media,,,
Oct 2 2019,08:51,1002_19,Direct,https://www.theatlantic.com/international/archive/2019/09/hong-kong-police-lost-trust/597205/,,
Oct 2 2019,09:37,1002_20,Direct,https://time.com/5672018/glory-to-hong-kong-protests-national-anthem/,,
Oct 2 2019,09:42,1002_21,Direct,,,
Oct 2 2019,13:19,1002_22,Social Media,,,
Oct 2 2019,13:20,1002_23,Social Media,,,
Oct 2 2019,15:39,1002_24,Social Media,,,
Oct 2 2019,16:34,1002_25,Social Media,,,
Oct 2 2019,16:34,1002_26,Social Media,,,
Oct 2 2019,16:34,1002_27,Social Media,,,
Oct 2 2019,16:42,1002_28,Social Media,,,
Oct 2 2019,16:44,1002_29,Social Media,,,
Oct 2 2019,19:03,1002_30,Direct,https://www.scmp.com/tech/apps-social/article/3022934/hong-kong-protests-fuel-uptake-encrypted-telegram-reddit-lihkg?utm_medium=Social&utm_source=Facebook#Echobox=1565907229,,
Oct 2 2019,19:31,1002_31,Direct,https://thestandnews.com/politics/中五生中槍-肺部出血嚴重-需靠人工心肺續命-警-開槍為拯救自己及同胞生命/,,
Oct 2 2019,19:59,1002_32,Social Media,,,
Oct 2 2019,20:01,1002_33,Social Media,,,
Oct 2 2019,20:30,1002_34,Social Media,,,
Oct 2 2019,20:38,1002_35,Social Media,,,
Oct 2 2019,22:02,1002_36,Social Media,,,
Oct 2 2019,22:17,1002_37,Social Media,,,
Oct 2 2019,23:05,1002_38,Social Media,,,
Oct 2 2019,23:39,1002_39,Social Media,,,
Oct 2 2019,23:50,1002_40,Social Media,,,
Oct 3 2019,12:39,1003_1,Social Media,,,
Oct 3 2019,01:03,1003_2,Social Media,,,
Oct 3 2019,01:06,1003_3,Social Media,,,
Oct 3 2019,01:08,1003_4,Social Media,,,
Oct 3 2019,01:11,1003_5,Social Media,,,
Oct 3 2019,01:13,1003_6,Social Media,,,
Oct 3 2019,07:11,1003_7,Social Media,,,
Oct 3 2019,09:08,1003_8,Social Media,,,
Oct 3 2019,09:17,1003_9,Social Media,,,
Oct 3 2019,09:35,1003_10,Social Media,,,
Oct 3 2019,09:45,1003_11,Social Media,,,
Oct 3 2019,10:20,1003_12,Social Media,,,
Oct 3 2019,10:33,1003_13,Direct,,,
Oct 3 2019,10:55,1003_14,Direct,https://www.hongkongfp.com/2019/10/03/hong-kong-police-relaxed-guidelines-using-lethal-force-day-officer-shot-student-reports/,,
Oct 3 2019,10:55,1003_15,Direct,https://www.scmp.com/news/hong-kong/law-and-crime/article/3022189/what-are-weapons-hong-kong-police-use-anti-government,,
Oct 3 2019,10:55,1003_16,Direct,https://www.amnesty.org/en/latest/news/2019/08/hong-kong-police-should-exercise-restraint-avoid-escalating-violence/,,
Oct 3 2019,17:06,1003_17,Social Media,,,
Oct 3 2019,22:22,1003_18,Social Media,,,
Oct 3 2019,22:22,1003_19,Social Media,,,
Oct 3 2019,22:35,1003_20,Social Media,,,
Oct 3 2019,22:36,1003_21,Social Media,,,
Oct 3 2019,22:45,1003_22,Social Media,,,
Oct 3 2019,22:50,1003_23,Direct,https://www.washingtonpost.com/politics/2019/05/11/debate-over-hong-kongs-proposed-extradition-law-devolves-into-scuffle-legislative-council/,,
Oct 3 2019,22:51,1003_24,Direct,https://www.scmp.com/news/hong-kong/politics/article/3008806/legal-adviser-hong-kongs-legislature-questions-why-mainland,,
Oct 3 2019,23:01,1003_25,Direct,https://www.washingtonpost.com/world/asia_pacific/chinas-backers-and-triad-gangs-have-history-of-common-foes-hong-kong-protesters-fear-they-are-next/2019/07/23/41445b88-ac68-11e9-9411-a608f9d0c2d3_story.html,,
Oct 3 2019,23:54,1003_26,Social Media,,,
Oct 3 2019,23:58,1003_27,Social Media,,,
Oct 4 2019,00:03,1004_1,Social Media,,,
Oct 4 2019,00:09,1004_2,Social Media,,,
Oct 4 2019,00:10,1004_3,Social Media,,,
Oct 4 2019,06:08,1004_4,Social Media,,,
Oct 4 2019,06:24,1004_5,Social Media,,,
Oct 4 2019,06:24,1004_6,Social Media,,,
Oct 4 2019,06:24,1004_7,Social Media,,,
Oct 4 2019,06:25,1004_8,Social Media,,,
Oct 4 2019,06:35,1004_9,Social Media,,,
Oct 4 2019,06:37,1004_10,Social Media,,,
Oct 4 2019,06:38,1004_11,Social Media,,,
Oct 4 2019,06:40,1004_12,Social Media,,,
Oct 4 2019,06:42,1004_13,Social Media,,,
Oct 4 2019,06:43,1004_14,Social Media,,,
Oct 4 2019,06:46,1004_15,Social Media,,,
Oct 4 2019,06:47,1004_16,Social Media,,,
Oct 4 2019,06:48,1004_17,Direct,,,
Oct 4 2019,07:01,1004_18,Direct,https://www.nytimes.com/2019/09/27/world/asia/hong-kong-protests-identity.html,,
Oct 4 2019,08:35,1004_19,Direct,https://www.businessinsider.com/hongkongers-are-forming-a-baltic-way-style-human-chain-2019-8#but-protesters-are-also-planning-a-stress-test-of-the-airport-this-weekend-and-some-wearing-their-traditional-black-garb-were-making-their-way-from-the-nearby-suburban-town-of-tung-chung-on-friday-night-3,,
Oct 4 2019,08:40,1004_20,Social Media,,,
Oct 4 2019,09:01,1004_21,Social Media,,,
Oct 4 2019,09:04,1004_22,Direct,https://lihkg.com/thread/1593498/page/1,,
Oct 4 2019,10:09,1004_23,Social Media,,,
Oct 4 2019,10:11,1004_24,Social Media,,,
Oct 4 2019,11:36,1004_25,Direct,,,
Oct 4 2019,11:43,1004_26,Social Media,,,
Oct 4 2019,11:52,1004_27,Direct,Stand Live,,
Oct 4 2019,15:32,1004_28,Direct,,,
Oct 4 2019,15:50,1004_29,Direct,,,
Oct 4 2019,15:51,1004_30,Direct,,,
Oct 4 2019,16:09,1004_31,Social Media,,,
Oct 4 2019,17:18,1004_32,Social Media,,,
Oct 4 2019,18:07,1004_33,Social Media,,,
Oct 5 2019,02:17,1005_1,Social Media,,,
Oct 5 2019,03:02,1005_2,Social Media,,,
Oct 5 2019,09:36,1005_3,Social Media,,,
Oct 5 2019,09:54,1005_4,Social Media,,,
Oct 5 2019,09:56,1005_5,Social Media,,,
Oct 5 2019,09:57,1005_6,Social Media,,,
Oct 5 2019,09:57,1005_7,Social Media,,,
Oct 5 2019,11:09,1005_8,Social Media,,,
Oct 5 2019,11:12,1005_9,Direct,,,
Oct 5 2019,11:13,1005_10,Social Media,,,
Oct 5 2019,14:40,1005_11,Social Media,,,
Oct 5 2019,17:36,1005_12,Social Media,,,
Oct 5 2019,19:34,1005_13,Social Media,,,
Oct 6 2019,01:40,1006_1,Social Media,,,
Oct 6 2019,02:14,1006_2,Social Media,,,
Oct 6 2019,02:15,1006_3,Direct,,,
Oct 6 2019,02:27,1006_4,Direct,,,
Oct 6 2019,02:29,1006_5,Direct,https://thestandnews.com/politics/%E5%85%89%E5%BE%A9%E6%B2%99%E7%94%B0-1-%E5%89%8D%E8%A8%80-%E6%99%82%E4%BB%A3%E9%9D%A9%E5%91%BD%E4%B8%8B%E4%BB%B2%E8%AC%9B%E5%8D%80%E9%81%B8-%E5%85%A8%E6%B8%AF%E6%B0%91%E4%B8%BB%E6%B4%BE%E6%9C%80%E5%A4%9A%E4%B8%80%E5%8D%80%E7%9A%84%E6%8A%97%E7%88%AD/,,
Oct 6 2019,02:35,1006_6,Social Media,,,
Oct 6 2019,02:47,1006_7,Social Media,,,
Oct 6 2019,11:39,1006_8,Social Media,,,
Oct 6 2019,12:00,1006_9,Social Media,,,
Oct 6 2019,12:56,1006_10,Social Media,,,
Oct 6 2019,13:01,1006_11,Social Media,,,
Oct 6 2019,17:03,1006_12,Social Media,,,
Oct 6 2019,21:01,1006_13,Social Media,,,
Oct 6 2019,23:39,1006_14,Social Media,,,
Oct 7 2019,00:30,1007_1,Social Media,,,
Oct 7 2019,01:24,1007_2,Social Media,,,
Oct 7 2019,01:24,1007_3,Social Media,,,
Oct 7 2019,01:40,1007_4,Social Media,,,
Oct 7 2019,01:42,1007_5,Social Media,,,
Oct 7 2019,01:44,1007_6,Social Media,,,
Oct 7 2019,01:57,1007_7,Social Media,,,
Oct 7 2019,01:58,1007_8,Social Media,,,
Oct 7 2019,09:48,1007_9,Social Media,,,
Oct 7 2019,10:03,1007_10,Social Media,,,
Oct 7 2019,10:05,1007_11,Social Media,,,
Oct 7 2019,10:06,1007_12,Social Media,,,
Oct 7 2019,13:59,1007_13,Direct,https://www.facebook.com/hkercpc/,,
Oct 7 2019,15:06,1007_14,Direct,,,
Oct 7 2019,15:07,1007_15,Direct,https://www.youtube.com/watch?v=_8Za-vN9XDU,,
Oct 7 2019,15:08,1007_16,Direct,https://tmhk.org/,,
Oct 7 2019,15:09,1007_17,Direct,https://tmhk.org/2019/10/02/,,
Oct 7 2019,15:11,1007_18,Direct,https://www.youtube.com/watch?v=BdlZqvm0azk,,
Oct 7 2019,15:18,1007_19,Social Media,,,
Oct 7 2019,19:50,1007_20,Direct,,,
Oct 7 2019,19:52,1007_21,Direct,,,
Oct 7 2019,19:55,1007_22,Direct,,,
Oct 8 2019,00:11,1008_1,Social Media,,,
Oct 8 2019,00:11,1008_2,Social Media,,,
Oct 8 2019,00:17,1008_3,Social Media,,,
Oct 8 2019,00:31,1008_4,Social Media,,,
Oct 8 2019,00:42,1008_5,Social Media,,,
Oct 8 2019,01:07,1008_6,Social Media,,,
Oct 8 2019,01:29,1008_7,Social Media,,,
Oct 8 2019,01:30,1008_8,Social Media,,,
Oct 8 2019,01:30,1008_9,Social Media,,,
Oct 8 2019,07:10,1008_10,Social Media,,,
Oct 8 2019,07:55,1008_11,Social Media,,,
Oct 8 2019,10:52,1008_12,Direct,,,
Oct 8 2019,11:49,1008_13,Direct,https://www.youtube.com/watch?v=v7Ti4fzmJ98,,
Oct 8 2019,12:24,1008_14,Direct,https://www.youtube.com/watch?v=pc8SFBdweHA,,
Oct 8 2019,16:27,1008_15,Direct,https://www.bloomberg.com/news/articles/2019-06-17/china-censors-turn-the-blame-for-hong-kong-protests-to-the-u-s,,
Oct 8 2019,22:36,1008_16,Direct,https://www.youtube.com/watch?v=YtHFXwJZWEc&has_verified=1,,
Oct 8 2019,22:38,1008_17,Direct,https://www.youtube.com/watch?v=tDzrxJeXeRM,,
Oct 8 2019,22:39,1008_18,Direct,https://www.youtube.com/watch?v=tDzrxJeXeRM&list=PLv5b8P4Gr9xcc6jdkDiN3ySvhQSBohhYd&index=2&pbjreload=10,,
Oct 9 2019,00:22,1009_1,Social Media,,,
Oct 9 2019,00:22,1009_2,Social Media,,,
Oct 9 2019,00:42,1009_3,Social Media,,,
Oct 9 2019,00:48,1009_4,Social Media,,,
Oct 9 2019,00:48,1009_5,Social Media,,,
Oct 9 2019,00:49,1009_6,Social Media,,,
Oct 9 2019,01:18,1009_7,Social Media,,,
Oct 9 2019,11:34,1009_8,Social Media,,,
Oct 9 2019,12:15,1009_9,Social Media,,,
Oct 9 2019,12:16,1009_10,Social Media,,,
Oct 9 2019,12:55,1009_11,Social Media,,,
Oct 9 2019,15:38,1009_12,Social Media,,,
Oct 9 2019,15:49,1009_13,Social Media,,,
Oct 9 2019,21:20,1009_14,Direct,https://www.youtube.com/watch?v=4Vd8CM7i7LA,,
Oct 9 2019,21:21,1009_15,Direct,https://www.youtube.com/user/CCTVNEWSbeijing/search?query=hong+kong+police,,
Oct 9 2019,21:32,1009_16,Direct,https://www.youtube.com/user/ChinaViewTV/search?query=hong+kong+police,,
Oct 9 2019,22:06,1009_17,Social Media,,,
Oct 9 2019,23:06,1009_18,Direct,https://www.scmp.com/magazines/post-magazine/long-reads/article/3022942/truth-about-tear-gas-how-hong-kong-police,,
Oct 9 2019,23:21,1009_19,Direct,https://www.scmp.com/news/hong-kong/law-and-crime/article/3022189/what-are-weapons-hong-kong-police-use-anti-government,,
Oct 9 2019,23:25,1009_20,Social Media,,,
Oct 10 2019,00:26,1010_1,Social Media,,,
Oct 11 2019,08:34,1011_1,Social Media,,,
Oct 11 2019,08:37,1011_2,Social Media,,,
Oct 11 2019,08:43,1011_3,Social Media,,,
Oct 11 2019,08:45,1011_4,Social Media,,,
Oct 11 2019,08:49,1011_5,Social Media,,,
Oct 11 2019,17:53,1011_6,Social Media,,,
Oct 11 2019,18:55,1011_7,Social Media,,,
Oct 11 2019,20:23,1011_8,Direct,https://evchk.wikia.org/zh/wiki/%E3%80%8A%E9%80%83%E7%8A%AF%E6%A2%9D%E4%BE%8B%E3%80%8B%E4%BF%AE%E8%A8%82%E9%A2%A8%E6%B3%A2%E4%B9%8B%E9%80%A3%E7%BA%8C%E8%87%AA%E6%AE%BA%E4%BA%8B%E4%BB%B6,,
Oct 11 2019,21:10,1011_9,Social Media,,,
Oct 11 2019,21:29,1011_10,Direct,https://m.facebook.com/story.php?story_fbid=2460122217397707&id=622494144493866&_ft_=qid.6744874272176105617%3Amf_story_key.10162517904610245%3Agroup_id.12786375244%3Atop_level_post_id.10162517904610245%3Atl_objid.10162517904610245%3Acontent_owner_id_new.640433552%3Aoriginal_content_id.2460122217397707%3Aoriginal_content_owner_id.622494144493866%3Apage_id.622494144493866%3Asrc.22%3Aphoto_attachments_list.%5B2460121964064399%2C2460122047397724%2C2460122150731047%5D%3Astory_location.6%3Aattached_story_attachment_style.album%3Afilter.GroupStoriesByActivityEntQuery%3Apage_insights.%7B%22622494144493866%22%3A%7B%22page_id%22%3A622494144493866%2C%22actor_id%22%3A640433552%2C%22attached_story%22%3A%7B%22page_id%22%3A622494144493866%2C%22actor_id%22%3A622494144493866%2C%22dm%22%3A%7B%22isShare%22%3A0%2C%22originalPostOwnerID%22%3A0%7D%2C%22psn%22%3A%22EntStatusCreationStory%22%2C%22post_context%22%3A%7B%22object_fbtype%22%3A266%2C%22publish_time%22%3A1570299846%2C%22story_name%22%3A%22EntStatusCreationStory%22%2C%22story_fbid%22%3A%5B2460122217397707%5D%7D%2C%22role%22%3A1%2C%22sl%22%3A6%7D%2C%22dm%22%3A%7B%22isShare%22%3A0%2C%22originalPostOwnerID%22%3A0%7D%2C%22psn%22%3A%22EntGroupMallPostCreationStory%22%2C%22role%22%3A1%2C%22sl%22%3A6%2C%22targets%22%3A%5B%7B%22actor_id%22%3A640433552%2C%22page_id%22%3A622494144493866%2C%22post_id%22%3A2460122217397707%2C%22role%22%3A1%2C%22share_id%22%3A0%7D%5D%7D%7D&__tn__=H-R,,
Oct 11 2019,21:29,1011_11,Direct,https://lihkg.com/thread/1633169/page/1,,
Oct 11 2019,23:34,1011_12,Social Media,,,
Oct 11 2019,23:41,1011_13,Social Media,,,
Oct 12 2019,11:18,1012_1,Social Media,,,
Oct 12 2019,11:20,1012_2,Social Media,,,
Oct 12 2019,11:23,1012_3,Social Media,,,
Oct 12 2019,18:49,1012_4,Social Media,,,
Oct 12 2019,19:24,1012_5,Social Media,,,
Oct 12 2019,19:49,1012_6,Social Media,,,
Oct 12 2019,20:01,1012_7,Social Media,https://www.facebook.com/lauwingnews/,,
Oct 12 2019,20:05,1012_8,Direct,https://lihkg.com/thread/1428005/page/1,,
Oct 12 2019,20:05,1012_9,Direct,https://lihkg.com/thread/1432609/page/1,,
Oct 12 2019,20:05,1012_10,Direct,https://lihkg.com/thread/1442281/page/1,,
Oct 12 2019,20:05,1012_11,Direct,https://lihkg.com/thread/1421462/page/1,,
Oct 12 2019,20:06,1012_12,Direct,https://lihkg.com/thread/1423862/page/1,,
Oct 12 2019,20:09,1012_13,Direct,https://thestandnews.com/search/?q=警察記招,,
Oct 12 2019,20:09,1012_14,Direct,https://thestandnews.com/politics/%E9%A6%99%E6%B8%AF%E7%9A%84%E8%A8%98%E8%80%85%E5%92%8C%E6%94%9D%E8%A8%98%E6%98%AF%E4%B8%96%E7%95%8C%E7%B4%9A-%E8%AD%A6%E6%9A%B4%E8%99%95%E7%9A%84%E8%A8%98%E6%8B%9B%E7%B5%95%E5%B0%8D%E4%B9%9F%E6%98%AF%E4%B8%96%E7%95%8C%E7%B4%9A/,,
Oct 12 2019,20:10,1012_15,Direct,https://thestandnews.com/politics/%E4%BE%8B%E8%A1%8C%E8%A8%98%E6%8B%9B-%E5%AE%98%E5%AA%92%E8%B3%AA%E7%96%91%E8%AD%A6%E6%96%B9%E7%84%A1%E7%AC%AC%E4%B8%80%E6%99%82%E9%96%93%E6%95%91%E4%BA%BA-%E8%AD%A6%E5%A0%85%E6%8C%81%E7%94%A8-%E4%B8%AD%E6%96%87-%E5%9B%9E%E6%87%89%E4%B8%8D%E8%AC%9B-%E6%99%AE%E9%80%9A%E8%A9%B1/,,
Oct 12 2019,20:10,1012_16,Direct,https://thestandnews.com/politics/%E4%BE%8B%E8%A1%8C%E8%A8%98%E6%8B%9B-%E6%94%BE%E7%AB%B9%E5%85%A5%E8%83%8C%E5%9B%8A%E6%8F%92%E8%B4%93%E5%AB%81%E7%A6%8D-%E8%AD%A6-%E5%94%94%E5%AE%8C%E7%BE%8E-%E5%8F%AF%E6%8E%A5%E5%8F%97-%E4%BD%86%E4%BA%A6%E9%83%BD%E8%A6%81%E6%94%B9%E5%96%84/,,
Oct 12 2019,20:14,1012_17,Direct,https://thestandnews.com/politics/%E8%AD%A6%E5%AF%9F%E8%A8%98%E8%80%85%E6%9C%83-%E7%A8%B1%E5%82%AC%E6%B7%9A%E5%BD%88%E6%8E%9F%E8%A8%98%E8%80%85-%E8%83%A1%E6%A4%92%E5%99%B4%E8%A8%98%E8%80%85-%E7%82%BA%E8%A3%BD%E9%80%A0%E5%AE%89%E5%85%A8%E8%B7%9D%E9%9B%A2/,,
Oct 12 2019,20:15,1012_18,Direct,https://thestandnews.com/politics/%E6%9A%B4%E9%95%B7%E5%8F%88%E9%96%8B%E8%A8%98%E6%8B%9B/,,
Oct 12 2019,20:15,1012_19,Direct,https://thestandnews.com/politics/%E6%9A%B4%E9%95%B7%E9%96%8B%E8%A8%98%E6%8B%9B-i-can-t-find-the-right-word/,,
Oct 12 2019,20:17,1012_20,Direct,https://twitter.com/damon_pang/status/1139124546630373377?lang=en,,
Oct 12 2019,20:20,1012_21,Direct,https://www.asiatimes.com/2019/09/article/hk-police-sat-they-kicked-a-yellow-object/,,
Oct 12 2019,20:23,1012_22,Direct,https://thestandnews.com/politics/%E4%BE%8B%E8%A1%8C%E8%A8%98%E8%80%85%E6%9C%83-%E8%AD%A6%E6%96%B9%E8%A8%98%E8%80%85%E5%94%87%E6%A7%8D%E8%88%8C%E5%8A%8D-%E8%AD%A6-%E5%80%8B%E5%A0%B4%E5%94%94%E4%BF%82%E4%BD%A0%E6%9E%B6-%E4%BF%82%E6%88%91%E5%93%8B%E8%AD%A6%E6%96%B9%E6%9E%B6/,,
Oct 12 2019,20:23,1012_23,Direct,https://thestandnews.com/politics/%E8%AD%A6%E5%AF%9F%E8%A8%98%E8%80%85%E6%9C%83-%E5%A4%A7%E5%9F%94%E5%A2%9F%E7%AB%99%E6%89%93%E7%A9%BF%E4%B8%AD%E5%AD%B8%E7%94%9F%E9%A0%AD-%E6%9C%89%E5%96%9D%E4%BB%A4%E4%BD%A2%E5%94%94%E5%A5%BD%E8%B7%91/,,
Oct 12 2019,20:24,1012_24,Direct,https://www.hk01.com/%E7%AA%81%E7%99%BC/368038/%E8%AD%A6%E6%96%B9%E8%A8%98%E8%80%85%E6%9C%83-%E7%94%B7%E5%AD%90%E8%B7%AA%E8%AD%A6%E8%A2%AB%E8%B8%A2-%E8%AD%A6-%E8%B7%AA%E5%9C%A8%E6%A7%8D%E7%81%AB%E7%B7%9A%E4%B8%AD-%E7%94%A8%E8%85%B3%E6%8E%A8%E9%96%8B,,
Oct 12 2019,20:33,1012_25,Direct,https://www.asiatimes.com/2019/08/article/hk-police-arrest-student-leader-with-lasers/,,
Oct 12 2019,20:36,1012_26,Direct,https://www.facebook.com/RTHKVNEWS/posts/2718559988252040?comment_id=2718864038221635&comment_tracking=%7B%22tn%22%3A%22R%22%7D,,
Oct 12 2019,20:43,1012_27,Direct,https://www.scmp.com/news/hong-kong/law-and-crime/article/3015710/police-chief-defends-restrained-approach-hong-kong,,
Oct 12 2019,20:45,1012_28,Direct,https://www.bloomberg.com/news/articles/2019-10-11/hong-kong-police-vow-to-investigate-protester-sex-assault-claim,,
Oct 12 2019,20:49,1012_29,Direct,http://www.takungpao.com.hk/hongkong/text/2019/1011/360268.html,,
Oct 12 2019,20:49,1012_30,Direct,https://thestandnews.com/politics/%E8%AD%A6%E5%AF%9F%E8%A8%98%E8%80%85%E6%9C%83%E1%85%A0%E4%BB%A4%E5%A4%A7%E7%9C%BE%E6%98%8E%E7%99%BD%E7%9A%84%E4%BA%8C%E4%B8%89%E4%BA%8B/,,
Oct 12 2019,21:31,1012_31,Direct,https://today.line.me/hk/pc/article/%E5%8F%8D%E9%80%81%E4%B8%AD%E8%AD%A6%E5%AF%9F%E8%A8%98%E8%80%85%E6%9C%83%E5%8D%81%E5%A4%A7%E9%87%91%E5%8F%A5%EF%BC%81%E9%90%B3%E5%B0%84%E6%A7%8D%E9%83%BD%E5%8F%AA%E4%BF%82%E5%BE%97%E7%AC%AC%E4%BA%8C%EF%BC%9F-E5x7mP,,
Oct 13 2019,10:37,1013_1,Social Media,,,
Oct 13 2019,10:43,1013_2,Social Media,,,
Oct 13 2019,12:14,1013_3,Social Media,,,
Oct 13 2019,14:35,1013_4,Social Media,,,
Oct 13 2019,16:25,1013_5,Direct,https://today.line.me/hk/pc/article/%E5%8F%8D%E9%80%81%E4%B8%AD%E8%AD%A6%E5%AF%9F%E8%A8%98%E8%80%85%E6%9C%83%E5%8D%81%E5%A4%A7%E9%87%91%E5%8F%A5%EF%BC%81%E9%90%B3%E5%B0%84%E6%A7%8D%E9%83%BD%E5%8F%AA%E4%BF%82%E5%BE%97%E7%AC%AC%E4%BA%8C%EF%BC%9F-E5x7mP,,
Oct 14 2019,00:01,1014_1,Direct,https://www.hongkongfp.com/2019/10/02/hong-kong-police-set-new-single-day-record-no-arrests-projectile-rounds-tear-gas-fired-tue/,,
Oct 14 2019,00:49,1014_2,Social Media,,,
Oct 14 2019,00:50,1014_3,Social Media,,,
Oct 14 2019,01:29,1014_4,Social Media,,,
Oct 14 2019,08:31,1014_5,Social Media,,,
Oct 14 2019,08:33,1014_6,Social Media,,,
Oct 14 2019,08:41,1014_7,Social Media,,,
Oct 14 2019,08:42,1014_8,Social Media,,,
Oct 14 2019,11:06,1014_9,Social Media,,,
Oct 14 2019,11:21,1014_10,Social Media,,,
Oct 14 2019,11:28,1014_11,Social Media,,,
Oct 14 2019,11:30,1014_12,Social Media,,,
Oct 14 2019,11:46,1014_13,Social Media,,,
Oct 14 2019,23:37,1014_14,Direct,https://thestandnews.com/politics/%E9%A6%99%E6%B8%AF%E7%9F%A5%E5%B0%88%E5%85%AC%E9%96%8B%E9%99%B3%E5%BD%A5%E9%9C%96%E5%87%BA%E4%BA%8B%E7%95%B6%E6%97%A5cctv%E7%96%91%E6%9B%BE%E5%89%AA%E6%8E%A5-%E5%AD%B8%E7%94%9F%E4%B8%8D%E6%BB%BF%E4%BF%83%E4%BA%A4%E5%87%BA%E5%AE%8C%E6%95%B4%E7%89%87%E6%AE%B5/,,
Oct 15 2019,00:19,1015_1,Direct,https://thestandnews.com/politics/15-%E6%AD%B2%E5%A5%B3%E7%94%9F%E9%99%B3%E5%BD%A5%E9%9C%96%E6%B5%AE%E5%B1%8D%E6%B5%B7%E9%9D%A2-%E8%AD%A6-%E7%84%A1%E5%9B%A0%E5%8F%8D%E4%BF%AE%E4%BE%8B%E5%85%AC%E7%9C%BE%E6%B4%BB%E5%8B%95%E8%A2%AB%E6%8D%95-%E5%88%9D%E6%AD%A5%E8%AA%BF%E6%9F%A5%E8%A7%A3%E5%89%96%E6%AD%BB%E5%9B%A0%E7%84%A1%E5%8F%AF%E7%96%91/,,
Oct 15 2019,00:20,1015_2,Social Media,http://hd.stheadline.com/news/realtime/hk/1613286/%E5%8D%B3%E6%99%82-%E6%B8%AF%E8%81%9E-%E4%BF%AE%E4%BE%8B%E9%A2%A8%E6%B3%A2-%E7%96%91%E4%BC%BC%E9%99%B3%E5%BD%A5%E9%9C%96%E7%94%9F%E5%89%8D%E7%89%87%E6%AE%B5%E6%9B%9D%E5%85%89-%E7%96%91%E5%B0%96%E6%B2%99%E5%98%B4%E8%A1%8C%E8%A1%97%E4%B8%AD%E5%82%AC%E6%B7%9A%E5%BD%88,,
Oct 15 2019,01:06,1015_3,Direct,https://www.reddit.com/r/LIHKG/comments/dga3im/%E4%B8%AD%E5%A4%A7%E8%81%AF%E7%BD%B2%E8%81%B2%E6%8F%B4%E5%90%B3%E5%90%8C%E5%AD%B8/,,
Oct 15 2019,01:06,1015_4,Direct,,,
Oct 15 2019,01:51,1015_5,Social Media,,,
Oct 15 2019,01:53,1015_6,Social Media,,,
Oct 15 2019,08:15,1015_7,Social Media,,,
Oct 15 2019,08:15,1015_8,Social Media,,,
Oct 15 2019,10:08,1015_9,Social Media,,,
Oct 15 2019,16:09,1015_10,Direct,https://www.google.com/search?q=hong+kong+protest+posters&oq=hong+kong+protest+posters&aqs=chrome..69i57j0l2j69i60l3.3813j0j4&sourceid=chrome&ie=UTF-8,,
Oct 15 2019,16:09,1015_11,Direct,https://www.google.com/search?sxsrf=ACYBGNTRvNxX58X3bD5HjU9MZ4QzdwXczQ%3A1571170184108&ei=iCemXa-OBtGV8gKr_rDQBg&q=hong+kong+protest+newspaper+ad&oq=hong+kong+protest+newspaper+ad&gs_l=psy-ab.3..0.4545.7789..7916...0.0..2.354.2316.0j10j1j2......0....1..gws-wiz.......0i10j35i39j0i131j0i20i263j0i131i20i263j0i22i30.3xn_3HJIL2E&ved=0ahUKEwiv8tGFiZ_lAhXRilwKHSs_DGoQ4dUDCAs&uact=5,,
Oct 16 2019,00:21,1016_1,Social Media,,,
Oct 16 2019,00:28,1016_2,Social Media,,,
Oct 16 2019,00:30,1016_3,Social Media,,,
Oct 16 2019,00:52,1016_4,Social Media,,,
Oct 16 2019,00:58,1016_5,Social Media,,,
Oct 16 2019,00:59,1016_6,Social Media,,,
Oct 16 2019,01:16,1016_7,Social Media,,,
Oct 16 2019,01:19,1016_8,Direct,,,
Oct 16 2019,10:31,1016_9,Social Media,,,
Oct 16 2019,10:32,1016_10,Social Media,,,
Oct 16 2019,10:32,1016_11,Social Media,,,
Oct 16 2019,10:35,1016_12,Social Media,,,
Oct 16 2019,11:49,1016_13,Social Media,,,
Oct 16 2019,11:51,1016_14,Social Media,,,
Oct 16 2019,11:51,1016_15,Social Media,,,
Oct 16 2019,12:06,1016_16,Social Media,,,
Oct 16 2019,13:07,1016_17,Social Media,,,
Oct 16 2019,13:38,1016_18,Social Media,,,
Oct 16 2019,15:27,1016_19,Social Media,,,
Oct 17 2019,03:10,1017_1,Social Media,,,
Oct 17 2019,03:10,1017_2,Social Media,,,
Oct 17 2019,03:11,1017_3,Direct,,,
Oct 17 2019,03:12,1017_4,Direct,,,
Oct 17 2019,03:14,1017_5,Direct,,,
Oct 17 2019,03:17,1017_6,Direct,,,
Oct 17 2019,03:17,1017_7,Direct,,,
Oct 17 2019,03:17,1017_8,Direct,,,
Oct 17 2019,03:32,1017_9,Social Media,,,
Oct 17 2019,03:41,1017_10,Social Media,,,
Oct 17 2019,11:04,1017_11,Direct,,,
Oct 17 2019,22:21,1017_12,,,,
Oct 17 2019,22:21,1017_13,Social Media,https://news.mingpao.com/pns/%e5%89%af%e5%88%8a/article/20191014/s00005/1570992687723/%e5%90%be%e7%94%9f%e6%9c%89%e6%9d%8f-%e9%99%a2%e9%95%b7%e9%86%ab%e7%94%9f%e5%91%a8%e8%a8%98%ef%bc%8898%ef%bc%89%e6%88%91%e6%84%9a%e6%98%a7-%e6%88%91%e4%b8%8d%e6%98%8e%e7%99%bd,,
Oct 17 2019,22:40,1017_14,Direct,https://www.youtube.com/watch?v=Ze-m4_oneFk,,
Oct 17 2019,22:40,1017_15,Direct,https://www.youtube.com/watch?v=SMPigzPbu-g,,
Oct 18 2019,02:42,1018_1,Social Media,http://vdo01.com/view1/16507/,,
Oct 18 2019,02:48,1018_2,Social Media,https://medium.com/@henryporterbabe/%E4%B8%8D%E5%AD%9D%E7%B3%BB%E5%88%97-%E9%99%B3%E5%BD%A5%E9%9C%96%E6%AF%8D%E8%A6%AA%E6%85%8B%E5%BA%A6%E5%A5%87%E6%80%AA-%E7%84%A1%E4%BA%BA%E8%A9%B1%E4%BD%A0%E8%81%BD-%E7%82%BA%E4%BA%BA%E7%88%B6%E6%AF%8D%E5%B0%B1%E4%B8%80%E5%AE%9A%E6%84%9B%E9%8C%AB%E5%AD%90%E5%A5%B3-10d849c58114?fbclid=IwAR35QlxrlfTR43-ZSynwsuX-ZWShiFv7AwBBxSnyiv0Sm9s2n5dSu_cMqxU,,
Oct 18 2019,02:49,1018_3,Social Media,,,
Oct 19 2019,00:57,1019_1,Social Media,,,
Oct 19 2019,00:58,1019_2,Social Media,,,
Oct 19 2019,00:59,1019_3,Social Media,,,
Oct 19 2019,02:43,1019_4,Social Media,,,
Oct 19 2019,02:43,1019_5,Social Media,,,
Oct 19 2019,02:44,1019_6,Social Media,,,
Oct 19 2019,11:40,1019_7,Social Media,,,
Oct 19 2019,11:41,1019_8,Social Media,,,
Oct 19 2019,11:46,1019_9,Social Media,,,
Oct 19 2019,11:48,1019_10,Social Media,,,
Oct 19 2019,11:50,1019_11,Social Media,,,
Oct 19 2019,14:41,1019_12,Social Media,,,
Oct 19 2019,16:42,1019_13,Social Media,,,
Oct 19 2019,16:43,1019_14,Social Media,,,
Oct 19 2019,17:03,1019_15,Social Media,,,
Oct 19 2019,17:54,1019_16,Social Media,,,
Oct 19 2019,17:54,1019_17,Social Media,,,
Oct 19 2019,17:54,1019_18,Social Media,,,
Oct 19 2019,18:15,1019_19,Social Media,,,
Oct 19 2019,22:50,1019_20,Social Media,,,
Oct 19 2019,22:50,1019_21,Direct,,,
Oct 19 2019,22:51,1019_22,Direct,,,
Oct 19 2019,23:00,1019_23,Social Media,,,
Oct 19 2019,23:02,1019_24,Social Media,,,
Oct 19 2019,23:35,1019_25,Social Media,,,
Oct 20 2019,00:35,1020_1,Social Media,https://news.mingpao.com/ins/%e6%b8%af%e8%81%9e/article/20191016/s00001/1571197869098/%e3%80%90%e6%96%bd%e6%94%bf%e5%a0%b1%e5%91%8a%e3%80%91%e9%99%b3%e6%b7%91%e8%8e%8a-%e6%9e%97%e9%84%ad%e6%86%91%e4%b9%9c%e5%ae%a3%e8%ae%80%e6%96%bd%e6%94%bf%e5%a0%b1%e5%91%8a-%e6%86%91%e4%b9%9c%e7%ae%a1%e6%b2%bb%e9%a6%99%e6%b8%af,,
Oct 20 2019,00:41,1020_2,Social Media,https://www.cpr.cuhk.edu.hk/tc/press_detail.php?1=1&id=3140&fbclid=IwAR3Mczvyk4phzLPYAlCNP5i1gQuwr3_7Iok3dnOjPR4gwPeYeYhe23cyMtw,,
Oct 20 2019,00:51,1020_3,Social Media,http://www2.iso2.cc/view5/29978,,
Oct 20 2019,01:17,1020_4,Social Media,,,
Oct 20 2019,01:29,1020_5,Social Media,,,
Oct 20 2019,01:41,1020_6,Social Media,,,
Oct 20 2019,04:49,1020_7,Social Media,,,
Oct 20 2019,09:54,1020_8,Social Media,,,
Oct 20 2019,09:55,1020_9,Social Media,,,
Oct 20 2019,09:55,1020_10,Social Media,,,
Oct 20 2019,09:57,1020_11,Social Media,,,
Oct 20 2019,09:57,1020_12,Social Media,,,
Oct 20 2019,09:58,1020_13,Social Media,,,
Oct 20 2019,10:03,1020_14,Social Media,,,
Oct 20 2019,10:03,1020_15,Social Media,,,
Oct 20 2019,10:04,1020_16,Social Media,,,
Oct 20 2019,13:06,1020_17,Social Media,,,
Oct 20 2019,13:06,1020_18,Social Media,,,
Oct 20 2019,13:16,1020_19,Social Media,https://www.lvcdn.com/news/foucs/20191002/26579.html,,
Oct 20 2019,15:30,1020_20,Social Media,,,
Oct 20 2019,16:31,1020_21,Social Media,,,
Oct 20 2019,16:32,1020_22,Social Media,,,
Oct 20 2019,16:34,1020_23,Direct,https://www.google.com/search?q=hong+kong+police+press+conference&oq=hong+kong+police+press+conference&aqs=chrome..69i57j69i59j0j69i60j69i61l2.3778j0j4&sourceid=chrome&ie=UTF-8,,
Oct 20 2019,16:35,1020_24,Direct,https://www.google.com/search?biw=1085&bih=623&tbm=nws&sxsrf=ACYBGNQYYEjm5szXtHKdjWUzTHOivhbufQ%3A1571603711548&ei=_8SsXfuMIYe1gge1_I7ACw&q=hong+kong+police+daily+press+briefing&oq=hong+kong+police+daily+press+briefing&gs_l=psy-ab.3..33i299k1l3.2209.3835.0.4055.9.9.0.0.0.0.113.648.8j1.9.0....0...1c.1.64.psy-ab..0.9.647....0.2zXFir7spw8,,
Oct 20 2019,17:33,1020_25,Social Media,,,
Oct 20 2019,17:35,1020_26,Social Media,,,
Oct 20 2019,17:56,1020_27,Social Media,,,
Oct 20 2019,18:04,1020_28,Social Media,,,
Oct 20 2019,18:55,1020_29,Social Media,,,
Oct 20 2019,19:59,1020_30,Social Media,,,
Oct 20 2019,20:00,1020_31,Social Media,,,
Oct 20 2019,20:00,1020_32,Social Media,,,
Oct 20 2019,22:11,1020_33,Social Media,,,
Oct 21 2019,00:51,1021_1,Social Media,,,
Oct 21 2019,02:03,1021_2,Social Media,,,
Oct 21 2019,02:04,1021_3,Social Media,,,
Oct 21 2019,02:07,1021_4,Social Media,,,
Oct 21 2019,02:07,1021_5,Social Media,,,
Oct 21 2019,02:09,1021_6,Direct,https://thestandnews.com/politics/%E4%BD%A0%E4%B8%8A%E5%8F%B0%E6%92%90%E8%AD%A6-%E4%BD%86%E8%AD%A6%E5%AF%9F%E8%99%95%E6%B1%BA%E5%BC%8F%E5%B0%84%E5%82%B7%E4%BD%A0/,,
Oct 21 2019,02:10,1021_7,Direct,https://thestandnews.com/politics/%E5%8F%B0%E9%99%B8%E5%A7%94%E6%9C%83%E6%89%B9%E6%B8%AF%E5%BA%9C-%E8%A6%96%E5%8F%B0%E7%81%A3%E7%82%BA%E4%B8%AD%E5%9C%8B%E4%B8%80%E9%83%A8%E5%88%86-%E6%8B%92%E5%8F%B8%E6%B3%95%E4%BA%92%E5%8A%A9/,,
Oct 21 2019,02:10,1021_8,Direct,https://thestandnews.com/politics/%E6%9E%97%E9%84%AD%E9%95%B7%E8%A1%AB%E9%95%B7%E8%A4%B2%E5%BF%AB%E9%96%83%E8%A6%96%E5%AF%9F-%E7%A9%86%E6%96%AF%E6%9E%97%E4%BB%A3%E8%A1%A8-%E6%B8%85%E7%9C%9F%E5%AF%BA%E7%84%A1%E5%8F%97%E6%90%8D-%E7%84%A1%E4%BA%8B%E6%9C%89%E5%81%9A%E9%8C%AF/,,
Oct 21 2019,02:14,1021_9,Direct,https://thestandnews.com/politics/r%E7%94%B1%E6%93%94%E5%BF%83%E9%87%8D%E6%85%B6%E5%A4%A7%E5%BB%88%E6%B8%85%E7%9C%9F%E5%AF%BA%E8%A2%AB-%E8%A3%9D%E4%BF%AE-%E5%88%B0%E5%90%91%E9%81%8A%E8%A1%8C%E4%BA%BA%E5%A3%AB%E6%B4%BE%E6%B0%B4%E6%89%93%E6%B0%A3-%E8%8F%AF%E8%A3%94%E9%9D%9E%E8%8F%AF%E8%A3%94%E6%B8%AF%E4%BA%BA-we-connect/,,
Oct 21 2019,02:17,1021_10,Social Media,,,
Oct 21 2019,02:20,1021_11,Social Media,,,
Oct 21 2019,11:09,1021_12,Social Media,,,
Oct 21 2019,11:20,1021_13,Social Media,,,
Oct 21 2019,13:43,1021_14,Direct,https://thestandnews.com/politics/%E7%94%B7%E5%AD%90%E9%80%B1%E6%97%A5%E8%A2%AB%E6%8D%95%E8%AD%A6%E6%9C%AA%E6%8C%87%E6%98%8E%E6%B6%89%E5%8F%8A%E7%BD%AA%E8%A1%8C-%E5%BE%8B%E5%B8%AB%E7%94%B3%E8%AB%8B%E4%BA%BA%E8%BA%AB%E4%BF%9D%E8%AD%B7%E4%BB%A4-%E4%BA%8B%E4%B8%BB%E7%AB%8B%E5%8D%B3%E7%8D%B2%E9%87%8B/,,
Oct 21 2019,13:45,1021_15,Direct,https://thestandnews.com/politics/%E8%AA%A4%E5%B0%84%E6%B8%85%E7%9C%9F%E5%AF%BA%E8%AD%A6%E5%93%A1%E6%98%AF%E5%90%A6%E8%A6%81%E5%81%9C%E8%81%B7-%E8%AD%A6-%E7%84%A1%E8%A3%9C%E6%96%BC%E4%BA%8B/,,
Oct 21 2019,17:52,1021_16,Social Media,,,
Oct 21 2019,23:30,1021_17,Social Media,,,
Oct 22 2019,00:37,1022_1,Direct,https://twitter.com/damon_pang/status/1139124546630373377?lang=en,,
Oct 22 2019,00:37,1022_2,Direct,https://www.google.com/search?q=%E9%A6%99%E6%B8%AF%E8%AD%A6%E5%AF%9F+%E8%B5%B0%E5%85%89&oq=%E9%A6%99%E6%B8%AF%E8%AD%A6%E5%AF%9F+%E8%B5%B0%E5%85%89&aqs=chrome..69i57.13300j0j4&sourceid=chrome&ie=UTF-8,,
Oct 22 2019,08:08,1022_3,Social Media,,,
Oct 22 2019,08:12,1022_4,Social Media,,,
Oct 22 2019,08:13,1022_5,Social Media,,,
Oct 22 2019,11:39,1022_6,Social Media,,,
Oct 23 2019,01:28,1023_1,Social Media,,,
Oct 23 2019,01:36,1023_2,Social Media,https://www.bloomberg.com/news/articles/2019-10-22/hong-kong-police-already-have-ai-tech-that-can-recognize-faces?fbclid=IwAR2kkxNV9OsuUMrC0RwjUXP4iw3dw7AE-a0I2VDrlorekYukPWBajqNTCBU,,
Oct 23 2019,01:37,1023_3,Social Media,,,
Oct 23 2019,01:38,1023_4,Direct,https://thestandnews.com/politics/%E9%99%B3%E5%90%8C%E4%BD%B3%E5%87%BA%E7%8D%84-%E5%90%91%E6%BD%98%E6%9B%89%E7%A9%8E%E5%AE%B6%E4%BA%BA%E9%9E%A0%E8%BA%AC%E9%81%93%E6%AD%89-%E9%A1%98%E8%B5%B4%E5%8F%B0%E5%8F%97%E5%AF%A9%E6%9C%8D%E5%88%91-%E6%9C%9B%E7%B5%A6%E6%A9%9F%E6%9C%83%E9%87%8D%E6%96%B0%E5%81%9A%E4%BA%BA/,,
Oct 23 2019,01:41,1023_5,Direct,https://thestandnews.com/politics/%E7%A6%81%E6%9F%A5%E9%96%B1%E9%81%B8%E6%B0%91%E7%99%BB%E8%A8%98%E5%86%8A-%E6%98%8E%E5%A0%B1%E5%BC%95%E6%B6%88%E6%81%AF-%E8%AD%A6%E7%B5%84%E7%B9%94%E6%88%96%E5%86%8D%E5%B0%8B%E7%A6%81%E6%9F%A5%E8%BB%8A%E7%89%8C%E6%9F%A5%E5%86%8A-%E6%94%BF%E5%BA%9C%E6%93%AC%E5%A0%B5%E6%88%AA%E6%89%80%E6%9C%89%E5%81%B5%E6%9F%A5%E5%A0%B1%E9%81%93%E6%B8%A0%E9%81%93/,,
Oct 23 2019,01:41,1023_6,Direct,https://thestandnews.com/politics/three-youngsters-who-start-fires-how-did-moderate-protesters-become-fire-magicians/,,
Oct 23 2019,01:44,1023_7,Direct,https://thestandnews.com/politics/%E6%B0%91%E5%BB%BA%E8%81%AF%E6%A2%81%E5%BF%97%E7%A5%A5%E4%B8%8D%E7%9F%A5-%E7%A6%81%E8%92%99%E9%9D%A2%E6%B3%95-%E5%B7%B2%E7%94%9F%E6%95%88-%E9%99%B3%E6%B7%91%E8%8E%8A-%E9%98%BF%E5%93%A5-%E7%94%9F%E5%B7%A6%E6%95%88%E5%8D%81%E5%B9%BE%E6%97%A5%E5%96%87-%E9%86%92%E6%9C%AA%E5%91%80/,,
Oct 23 2019,01:45,1023_8,Direct,https://thestandnews.com/politics/%E8%83%BD%E8%BF%AB%E8%AD%A6%E6%96%B9%E8%AA%8D%E9%8C%AF%E7%9A%84%E4%BA%BA/,,
Oct 23 2019,02:02,1023_9,Social Media,,,
Oct 23 2019,02:04,1023_10,Social Media,,,
Oct 23 2019,02:07,1023_11,Social Media,https://www.pori.hk/wehkers-index?fbclid=IwAR3uUsXQEXjfr77ViLp0RAv7g6Kye0K8hNdelRDqbnuzAwKJyNr53bFH1og,,
Oct 23 2019,11:02,1023_12,Social Media,,,
Oct 23 2019,23:54,1023_13,Social Media,https://www.facebook.com/photo.php?fbid=10156322682681555&set=gm.10156297559025286&type=3&theater,,
Oct 24 2019,00:01,1024_1,Social Media,,,
Oct 24 2019,00:24,1024_2,Social Media,,,
Oct 24 2019,01:19,1024_3,Social Media,,,
Oct 24 2019,01:20,1024_4,Social Media,,,
Oct 24 2019,17:07,1024_5,Direct,,,
Oct 24 2019,23:39,1024_6,Social Media,,,
Oct 24 2019,23:48,1024_7,Social Media,,,
Oct 24 2019,23:48,1024_8,Social Media,,,
Oct 24 2019,23:48,1024_9,Social Media,,,
Oct 24 2019,23:59,1024_10,Social Media,,,
Oct 25 2019,01:32,1025_1,Social Media,,,
Oct 25 2019,01:41,1025_2,Social Media,,,
Oct 25 2019,02:23,1025_3,Social Media,,,
Oct 25 2019,02:23,1025_4,Direct,,,
Oct 25 2019,02:25,1025_5,Direct,,,
Oct 25 2019,02:31,1025_6,Social Media,,,
Oct 25 2019,02:57,1025_7,Social Media,,,
Oct 25 2019,09:15,1025_8,Social Media,,,
Oct 25 2019,09:16,1025_9,Social Media,,,
Oct 25 2019,09:17,1025_10,Direct,,,
Oct 25 2019,09:17,1025_11,Direct,,,
Oct 25 2019,09:24,1025_12,Social Media,,,
Oct 25 2019,09:40,1025_13,Social Media,,,
Oct 25 2019,09:45,1025_14,Social Media,,,
Oct 25 2019,10:06,1025_15,Direct,https://thestandnews.com/politics/%E5%8D%80%E9%81%B8%E8%AB%96%E5%A3%87-%E6%96%A5%E9%BB%83%E4%B9%8B%E9%8B%92%E6%89%BE%E7%BE%8E%E5%9C%8B%E5%BE%8C%E5%8F%B0-%E9%99%B3%E5%AE%B6%E7%8F%AE%E5%8F%8D%E8%A2%AB%E5%98%B2%E6%9B%BE%E6%93%81%E7%BE%8E%E5%9C%8B%E5%9C%8B%E7%B1%8D/,,
Oct 25 2019,10:08,1025_16,Direct,https://thestandnews.com/politics/%E6%88%91%E5%80%91%E8%88%87%E6%83%A1%E7%9A%84%E8%B7%9D%E9%9B%A202/,,
Oct 25 2019,11:49,1025_17,Social Media,,,
Oct 25 2019,13:57,1025_18,Social Media,,,
Oct 25 2019,15:25,1025_19,Direct,https://www.youtube.com/watch?v=nkEwF1ONSuM,,
Oct 26 2019,01:03,1026_1,Direct,,,
Oct 26 2019,02:48,1026_2,Social Media,,,
Oct 27 2019,04:28,1027_1,Social Media,,,
Oct 27 2019,04:28,1027_2,Social Media,,,
Oct 27 2019,04:29,1027_3,Social Media,,,
Oct 27 2019,04:29,1027_4,Social Media,,,
Oct 27 2019,09:37,1027_5,Social Media,,,
Oct 27 2019,09:39,1027_6,Social Media,,,
Oct 27 2019,09:39,1027_7,Social Media,,,
Oct 27 2019,09:51,1027_8,Direct,,,
Oct 27 2019,09:51,1027_9,Direct,,,
Oct 27 2019,09:53,1027_10,Direct,,,
Oct 27 2019,11:34,1027_11,Social Media,,,
Oct 27 2019,13:47,1027_12,Direct,https://thestandnews.com/politics/%E5%85%89%E5%BE%A9%E6%B2%99%E7%94%B0-3-%E4%BD%A0%E6%89%80%E4%B8%8D%E7%9F%A5%E9%81%93%E7%9A%84%E6%B0%B4%E6%B3%89%E6%BE%B3-%E7%A9%B6%E7%AB%9F%E6%98%AF-%E8%9D%97%E9%82%A8-%E9%82%84%E6%98%AF-%E9%BB%83%E9%82%A8/,,
Oct 27 2019,22:54,1027_13,Social Media,,,
Oct 28 2019,00:54,1028_1,Social Media,,,
Oct 28 2019,01:10,1028_2,Social Media,,,
Oct 28 2019,01:18,1028_3,Direct,https://www.scmp.com/week-asia/politics/article/3032158/us-passing-hong-kong-human-rights-and-democracy-act-will-only,,
Oct 28 2019,01:19,1028_4,Direct,https://www.scmp.com/tech/apps-social/article/3014382/what-telegram-and-why-did-messaging-app-prove-so-popular-during,,
Oct 28 2019,01:26,1028_5,Social Media,,,
Oct 28 2019,01:27,1028_6,Direct,,,
Oct 28 2019,01:27,1028_7,Direct,https://hongkong.liveuamap.com/en/2019/12-june-apparently-one-admin-of-the-main-telegram-group-thats,,
Oct 28 2019,01:29,1028_8,Direct,,,
Oct 28 2019,01:44,1028_9,Social Media,,,
Oct 28 2019,09:09,1028_10,Social Media,,,
Oct 28 2019,09:09,1028_11,Social Media,,,
Oct 28 2019,10:05,1028_12,Social Media,,,
Oct 28 2019,10:06,1028_13,Social Media,,,
Oct 28 2019,13:49,1028_14,Direct,https://www.scmp.com/magazines/post-magazine/short-reads/article/3030543/how-hong-kong-slang-terms-police-have-evolved,,
Oct 28 2019,13:49,1028_15,Direct,https://www.scmp.com/magazines/post-magazine/short-reads/article/3032334/hong-kong-now-has-its-own-five-oclock-follies,,
Oct 29 2019,02:19,1029_1,Social Media,,,
Oct 29 2019,02:20,1029_2,Social Media,,,
Oct 29 2019,02:21,1029_3,Social Media,,,
Oct 29 2019,02:22,1029_4,Social Media,,,
Oct 29 2019,02:23,1029_5,Social Media,,,
Oct 29 2019,02:29,1029_6,Social Media,,,
Oct 29 2019,14:32,1029_7,Direct,https://www.youtube.com/watch?v=fKXb0sdbm-U&feature=youtu.be&fbclid=IwAR1d9ceHQz8xmmTNbbeXkoNvM8vCjOOqjuyDEkN51npOXtJC9GgDrN4MI08,,
Oct 29 2019,14:34,1029_8,Direct,https://www.scmp.com/news/hong-kong/politics/article/3021626/group-extradition-bill-protesters-hold-first-press,,
Oct 30 2019,00:02,1030_1,Social Media,,,
Oct 30 2019,00:03,1030_2,Social Media,,,
Oct 30 2019,00:11,1030_3,Social Media,,,
Oct 30 2019,00:59,1030_4,Social Media,,,
Oct 30 2019,02:11,1030_5,Social Media,,,
Oct 30 2019,07:20,1030_6,Social Media,,,
Oct 30 2019,07:28,1030_7,Social Media,,,
Oct 30 2019,07:31,1030_8,Social Media,,,
Oct 30 2019,07:32,1030_9,Social Media,,,
Oct 30 2019,07:33,1030_10,Social Media,,,
Oct 30 2019,14:49,1030_11,Social Media,,,
Oct 30 2019,14:50,1030_12,Social Media,,,
Oct 30 2019,15:53,1030_13,Social Media,,,
Oct 30 2019,14:53,1030_14,Social Media,,,
Oct 30 2019,14:54,1030_15,Social Media,,,
Oct 30 2019,16:44,1030_16,Social Media,,,
Oct 30 2019,17:13,1030_17,Social Media,,,
Oct 30 2019,17:13,1030_18,Social Media,,,
Oct 30 2019,22:53,1030_19,Social Media,,,
Oct 30 2019,22:53,1030_20,Social Media,,,
Oct 31 2019,01:03,1031_1,Direct,https://www.scmp.com/news/hong-kong/politics/article/3021626/group-extradition-bill-protesters-hold-first-press,,
Oct 31 2019,01:39,1031_2,Direct,https://www.zdnet.com/article/hong-kong-protesters-warn-of-telegram-feature-that-can-disclose-their-identities/,,
Oct 31 2019,02:14,1031_3,Social Media,,,
Oct 31 2019,02:15,1031_4,Social Media,,,
Oct 31 2019,07:47,1031_5,Social Media,,,
Oct 31 2019,14:26,1031_6,Social Media,,,
Oct 31 2019,14:29,1031_7,Social Media,,,
Oct 31 2019,14:29,1031_8,Social Media,,,
Nov 1 2019,15:32,1101_1,Social Media,,,
Nov 1 2019,17:38,1101_2,Social Media,,,
Nov 2 2019,06:17,1102_1,Social Media,,,
Nov 2 2019,06:17,1102_2,Social Media,,,
Nov 2 2019,06:17,1102_3,Social Media,,,
Nov 2 2019,06:18,1102_4,Social Media,,,
Nov 2 2019,06:26,1102_5,Social Media,,,
Nov 2 2019,06:26,1102_6,Social Media,,,
Nov 2 2019,06:28,1102_7,Social Media,,,
Nov 2 2019,06:32,1102_8,Social Media,,,
Nov 2 2019,07:14,1102_9,Social Media,,,
Nov 2 2019,20:08,1102_10,Social Media,,,
Nov 2 2019,20:15,1102_11,Social Media,,,
Nov 3 2019,03:53,1103_1,Social Media,,,
Nov 3 2019,23:21,1103_2,Social Media,,,
Nov 3 2019,23:21,1103_3,Social Media,,,
Nov 3 2019,23:21,1103_4,Social Media,,,
Nov 4 2019,00:00,1104_1,Direct,https://www.scmp.com/tech/apps-social/article/3014382/what-telegram-and-why-did-messaging-app-prove-so-popular-during,,
Nov 4 2019,10:14,1104_2,Social Media,,,
Nov 4 2019,10:16,1104_3,Social Media,,,
Nov 4 2019,10:26,1104_4,Social Media,,,
Nov 4 2019,10:27,1104_5,Social Media,,,
Nov 4 2019,10:28,1104_6,Social Media,,,
Nov 4 2019,16:20,1104_7,Social Media,,,
Nov 4 2019,16:21,1104_8,Social Media,,,
Nov 4 2019,21:54,1104_9,Social Media,,,
Nov 4 2019,22:43,1104_10,Social Media,,,
Nov 4 2019,23:14,1104_11,Social Media,,,
Nov 4 2019,23:18,1104_12,Social Media,,,
Nov 4 2019,23:19,1104_13,Social Media,,,
Nov 4 2019,23:20,1104_14,Social Media,,,
Nov 4 2019,23:21,1104_15,Social Media,,,
Nov 4 2019,23:22,1104_16,Social Media,,,
Nov 4 2019,23:23,1104_17,Social Media,,,
Nov 5 2019,00:01,1105_1,Social Media,,,
Nov 5 2019,00:38,1105_2,Direct,https://www.forbes.com/sites/thomasbrewster/2019/09/04/hong-kong-protesters-are-using-this-mesh-messaging-app--but-should-they-trust-it/#3586b80a18b4,,
Nov 5 2019,00:40,1105_3,Direct,https://thecoinshark.net/en/hong-kong-protest-messaging-app-what-is-a-secure-alternative-to-telegram/,,
Nov 5 2019,00:40,1105_4,Direct,https://www.outlookindia.com/newsscroll/has-xi-jinping-found-the-answer-to-hong-kong-comment/1594757,,
Nov 5 2019,01:00,1105_5,Social Media,,,
Nov 5 2019,01:01,1105_6,Social Media,,,
Nov 5 2019,08:13,1105_7,Social Media,,,
Nov 5 2019,11:06,1105_8,Direct,https://www.nytimes.com/2019/09/27/world/asia/hong-kong-protests-identity.html,,
Nov 5 2019,11:07,1105_9,Direct,https://www.theatlantic.com/international/archive/2019/08/hong-kong-china-protest-identity/596320/,,
Nov 5 2019,11:20,1105_10,Direct,https://www.scmp.com/tech/apps-social/article/3035987/will-blizzcon-become-latest-battleground-hong-kong-protests,,
Nov 5 2019,11:20,1105_11,Direct,https://www.scmp.com/tech/article/3014248/how-technology-fuels-hong-kongs-protesters,,
Nov 5 2019,11:24,1105_12,Direct,https://www.amnesty.org/en/latest/news/2019/09/hong-kong-protests-explained/,,
Nov 5 2019,11:24,1105_13,Direct,https://www.washingtonpost.com/world/2019/08/09/airport-sit-ins-citywide-strikes-street-protests-whats-happening-hong-kong/,,
Nov 5 2019,11:24,1105_14,Direct,https://www.npr.org/2019/08/20/752368384/a-guide-to-whats-happening-in-hong-kong,,
Nov 5 2019,12:21,1105_15,Social Media,,,
Nov 5 2019,12:29,1105_16,Direct,https://thestandnews.com/politics/%E5%B0%8B%E6%89%BE%E5%91%A8%E6%A2%93%E6%A8%82%E5%A2%AE%E6%A8%93%E7%9C%9F%E7%9B%B8-%E7%9B%AE%E6%93%8A%E8%80%85%E6%8C%87%E8%AD%A6%E6%96%B9%E9%98%BB%E7%99%BD%E8%BB%8A%E6%95%91%E6%8F%B4-%E5%A2%AE%E6%A8%93%E4%BD%8D%E7%BD%AE%E6%AC%84%E9%AB%98-1-2-%E7%B1%B3-%E6%9C%AA%E8%A6%8B%E5%82%AC%E6%B7%9A%E5%BD%88%E7%97%95%E8%B7%A1/,,
Nov 5 2019,22:32,1105_17,Direct,https://www.foxnews.com/world/hong-kong-police-water-cannon-tear-gas-protest-fires-demonstrations-clash,,
Nov 6 2019,02:57,1106_1,Direct,https://thestandnews.com/politics/%E4%BD%95%E5%90%9B%E5%A0%AF%E9%81%87%E8%A5%B2-%E4%BD%95%E5%90%9B%E5%A0%AF-%E7%AB%B6%E9%81%B8%E7%A7%A9%E5%BA%8F%E8%95%A9%E7%84%B6%E7%84%A1%E5%AD%98-%E5%BB%BA%E5%88%B6%E6%B4%BE-%E8%A1%9D%E6%93%8A%E9%81%B8%E8%88%89%E5%85%AC%E5%B9%B3%E5%85%AC%E6%AD%A3%E6%80%A7/,,
Nov 6 2019,10:53,1106_2,Direct,,,
Nov 6 2019,10:56,1106_3,Direct,,,
Nov 6 2019,11:06,1106_4,Social Media,,,
Nov 6 2019,11:11,1106_5,Social Media,,,
Nov 6 2019,13:41,1106_6,Social Media,,,
Nov 6 2019,16:27,1106_7,Social Media,,,
Nov 6 2019,16:40,1106_8,Social Media,,,
Nov 6 2019,22:59,1106_9,Direct,https://thestandnews.com/politics/%E9%80%BE%E8%90%AC%E6%88%90%E5%93%A1%E4%BA%A4%E6%B5%81%E6%8A%97%E7%88%AD%E8%B3%87%E8%A8%8A-telegram-%E5%85%AC%E6%B5%B7%E7%B8%BD%E8%B0%B7-%E7%AE%A1%E7%90%86%E5%93%A1-%E6%B6%89%E5%85%AC%E7%9C%BE%E5%A6%A8%E6%93%BE%E8%A2%AB%E6%8D%95/,,
Nov 7 2019,02:50,1107_1,Direct,https://www.youtube.com/watch?v=0P-sljczfIc,,
Nov 7 2019,10:28,1107_2,Social Media,,,
Nov 7 2019,10:31,1107_3,Social Media,,,
Nov 7 2019,10:33,1107_4,Social Media,,,
Nov 7 2019,12:14,1107_5,Direct,https://www.amnesty.org/en/latest/news/2019/09/hong-kong-protests-explained/,,
Nov 7 2019,14:45,1107_6,Social Media,,,
Nov 7 2019,19:48,1107_7,Direct,https://www.youtube.com/watch?v=oUIDL4SB60g,,
Nov 8 2019,02:21,1108_1,Direct,,,
Nov 8 2019,07:55,1108_2,Direct,https://lihkg.com/thread/1700067/page/1,,
Nov 8 2019,07:55,1108_3,Direct,,,
Nov 8 2019,07:55,1108_4,Direct,,,
Nov 8 2019,08:11,1108_5,Direct,https://www.youtube.com/watch?v=g9QIETD4QV0,,
Nov 8 2019,08:14,1108_6,Direct,https://www.youtube.com/watch?v=I7pxzy4rwb8,,
Nov 8 2019,08:29,1108_7,Direct,https://www.youtube.com/watch?v=ULFVjUwRepE,,
Nov 8 2019,08:37,1108_8,Direct,https://www.youtube.com/watch?v=Gyg2iiVYtgg,,
Nov 8 2019,08:39,1108_9,Direct,https://www.youtube.com/watch?v=8mIFiMHD1mI&list=PLrE2k_U-9B10t5eQnBSZmGalHWSCdOK8s,,
Nov 8 2019,08:40,1108_10,Direct,https://www.youtube.com/watch?v=311JQ5fs1ew,,
Nov 8 2019,08:42,1108_11,Direct,https://www.youtube.com/watch?v=YxptkMBYk2A&has_verified=1,,
Nov 8 2019,08:47,1108_12,Social Media,,,
Nov 8 2019,09:47,1108_13,Direct,https://www.scmp.com/news/hong-kong/law-and-crime/article/3019524/least-10-injured-baton-wielding-mob-suspected-triad,,
Nov 8 2019,09:48,1108_14,Direct,https://www.scmp.com/video/hong-kong/3019535/rod-wielding-mob-dressed-white-storms-hong-kongs-yuen-long-mtr-station,,
Nov 8 2019,09:50,1108_15,Direct,https://www.youtube.com/watch?v=16CiwPChpr0&has_verified=1,,
Nov 8 2019,10:04,1108_16,Direct,https://lihkg.com/thread/1633169/page/2,,
Nov 8 2019,10:04,1108_17,Direct,https://tl.hkrev.info/police-timeline,,
Nov 8 2019,10:08,1108_18,Direct,https://docs.google.com/document/d/1N1rzVWFW0EnJugLGNkYu7A-9-KigPWn4fVEGVDve79k/edit,,
Nov 8 2019,10:09,1108_19,Direct,https://www.hongkongfp.com/2019/07/07/hong-kong-protesters-embrace-telegram-will-messaging-app-fix-one-biggest-security-flaws/,,
Nov 8 2019,10:10,1108_20,Direct,https://www.bloomberg.com/news/articles/2019-08-15/hong-kong-protests-drive-surge-in-popular-telegram-chat-app,,
Nov 8 2019,10:10,1108_21,Direct,https://www.bbc.com/news/technology-48802125,,
Nov 8 2019,10:11,1108_22,Direct,https://lihkg.com/thread/1700497/page/1,,
Nov 8 2019,10:11,1108_23,Direct,https://lihkg.com/thread/1700562/page/1,,
Nov 8 2019,10:11,1108_24,Direct,https://lihkg.com/thread/1696398/page/1,,
Nov 8 2019,10:14,1108_25,Direct,https://lihkg.com/thread/1700270/page/1,,
Nov 8 2019,10:14,1108_26,Direct,https://lihkg.com/thread/1700586/page/1,,
Nov 8 2019,10:18,1108_27,Direct,,,
Nov 8 2019,10:25,1108_28,Direct,https://lihkg.com/thread/1700515/page/1,,
Nov 8 2019,10:25,1108_29,Direct,https://lihkg.com/thread/1700561/page/1,,
Nov 8 2019,10:25,1108_30,Direct,https://lihkg.com/thread/1700612/page/1,,
Nov 8 2019,10:25,1108_31,Direct,https://lihkg.com/thread/1700463/page/1,,
Nov 8 2019,10:25,1108_32,Direct,https://lihkg.com/thread/1700377/page/1,,
Nov 8 2019,10:26,1108_33,Direct,,,
Nov 8 2019,11:14,1108_34,Social Media,,,
Nov 8 2019,11:14,1108_35,Social Media,,,
Nov 8 2019,12:34,1108_36,Direct,https://lihkg.com/thread/1700528/page/1,,
Nov 8 2019,12:48,1108_37,Direct,https://yp.scmp.com/hongkongprotests5demands,,
Nov 8 2019,12:59,1108_38,Direct,https://www.reuters.com/article/us-hongkong-extradition-police-analysis/from-asias-finest-to-black-dogs-hong-kong-police-under-pressure-idUSKCN1UC12A,,
Nov 8 2019,13:32,1108_39,Direct,https://twitter.com/selina_cheng/status/1181803887285506048,,
Nov 8 2019,15:03,1108_40,Social Media,,,
Nov 8 2019,15:03,1108_41,Social Media,,,
Nov 8 2019,17:46,1108_42,Social Media,,,
Nov 9 2019,02:05,1109_1,Social Media,,,
Nov 9 2019,03:03,1109_2,Social Media,,,
Nov 9 2019,03:03,1109_3,Direct,,,
Nov 9 2019,03:05,1109_4,Direct,,,
Nov 9 2019,03:07,1109_5,Social Media,,,
Nov 9 2019,10:49,1109_6,Social Media,,,
Nov 9 2019,13:24,1109_7,Social Media,,,
Nov 9 2019,21:54,1109_8,Social Media,,,
Nov 9 2019,21:55,1109_9,Social Media,,,
Nov 9 2019,23:53,1109_10,Social Media,,,
Nov 10 2019,02:28,1110_1,Social Media,,,
Nov 10 2019,02:32,1110_2,Social Media,,,
Nov 10 2019,11:46,1110_3,Social Media,,,
Nov 10 2019,12:22,1110_4,Social Media,,,
Nov 10 2019,19:25,1110_5,Social Media,https://www.scmp.com/news/hong-kong/law-and-crime/article/3037063/hong-kong-teenager-has-abortion-following-allegations,,
Nov 10 2019,21:07,1110_6,Social Media,,,
Nov 10 2019,21:16,1110_7,Social Media,,,
Nov 10 2019,21:16,1110_8,Social Media,,,
Nov 10 2019,23:15,1110_9,Forwarded,,,
Nov 10 2019,23:57,1110_10,Social Media,,,
Nov 10 2019,23:58,1110_11,Social Media,,,
Nov 11 2019,00:29,1111_1,Social Media,,,
Nov 11 2019,00:35,1111_2,Social Media,,,
Nov 11 2019,00:36,1111_3,Social Media,,,
Nov 11 2019,00:38,1111_4,Social Media,,,
Nov 11 2019,00:39,1111_5,Social Media,,,
Nov 11 2019,00:39,1111_6,Social Media,,,
Nov 11 2019,00:41,1111_7,Social Media,,,
Nov 11 2019,00:42,1111_8,Social Media,,,
Nov 11 2019,00:57,1111_9,Social Media,,,
Nov 11 2019,06:23,1111_10,Social Media,,,
Nov 11 2019,06:26,1111_11,Direct,,,
Nov 11 2019,08:40,1111_12,Social Media,,,
Nov 11 2019,11:49,1111_13,Social Media,,,
Nov 11 2019,19:09,1111_14,Social Media,,,